"id";"es_clon";"division";"eval_instructor";"eval_capitan";"eval_comandante";"eval_general";"estatura";"peso";"imc";"velocidad";"fuerza";"resistencia";"agilidad";"armadura";"presicion";"eficiencia"
1;"N";"Cavetrooper";654,97;661,86;646,6;646,39;195,03;96,82;25,45;68,06;70,41;83,66;89,01;36,19;55,32;65,31
2;"N";"Cavetrooper";652,3;648,37;650,99;649,25;195,03;92,34;24,28;67,44;68,69;79,24;81,86;60,92;54,2;13,46
3;"S";"Cavetrooper";666,48;652,21;652,26;646,35;194,99;101,84;26,79;79,82;67,16;83,96;93,71;49,06;48,71;27,99
4;"S";"Cavetrooper";657,47;651,12;647,53;648,73;195,06;102,91;27,05;76,74;69,97;80,19;84,58;60,08;46,03;75,36
5;"S";"Cavetrooper";654,8;648,48;651,61;654,07;194,85;108,19;28,5;88,69;68,31;79,63;89,53;53,34;57,61;43,56
6;"N";"Cavetrooper";664,33;650,72;651,21;650,88;194,83;101,25;26,67;65,34;71;82,92;76,11;51,16;53,96;77,82
7;"S";"Cavetrooper";667,42;647,39;652,68;654,08;194,79;78,36;20,65;87,25;67,9;79,16;77,41;45,71;43,04;95,01
8;"N";"Cavetrooper";654,09;649,82;648,58;644,07;195,05;91,17;23,96;64,93;70,65;85,26;79,24;37,9;48,93;5,7
9;"N";"Cavetrooper";667,36;650,1;650,01;649,94;195,19;83,27;21,86;73,56;71,39;85,93;93,82;46,78;62,74;95,5
10;"N";"Cavetrooper";659,27;643,94;648,11;648,84;194,84;90,52;23,84;63,71;69,91;85,72;82,51;39,05;54,37;54,25
11;"N";"Cavetrooper";652,05;643,81;646,72;645,48;195,02;91,54;24,07;67,3;67,74;86,46;93,47;44,69;50,3;68,06
12;"S";"Cavetrooper";671,11;652,49;649,12;648,82;195,09;92,3;24,25;74,38;67,61;83,96;82,58;48,33;55,81;93,99
13;"S";"Cavetrooper";656,79;652,76;651,78;655,33;195,1;88,05;23,13;71,66;67,06;82,22;80,66;54,52;66,44;73,59
14;"N";"Cavetrooper";662,75;652,55;661,34;657,19;194,97;92,57;24,35;66,7;68,28;86,3;88,98;47,16;60,39;93,48
15;"N";"Cavetrooper";657,06;657,11;643,21;643,94;194,94;98,03;25,8;68,04;71,97;82,87;79,01;47,09;54,1;26,63
16;"N";"Cavetrooper";663,22;650,71;646,57;647,2;195,14;92,04;24,17;61,74;70,29;80,63;87,59;52,69;57,41;49,39
17;"N";"Cavetrooper";656,88;654,72;653,62;650,84;195,05;101,65;26,72;62,56;69,33;85,84;85,72;58,35;48,03;68,05
18;"N";"Cavetrooper";659,4;638,28;645,99;651,72;194,94;95,01;25;73,54;68,79;82,12;92,79;46,11;51,31;39,65
19;"S";"Cavetrooper";657,31;658,08;645,09;650,49;195,06;95,31;25,05;86,38;69,84;80,8;89,64;40,3;58,93;55,75
20;"S";"Cavetrooper";650,29;645,81;651,08;651,15;194,9;88,96;23,42;72,3;70,34;86,15;78,54;50,65;59,89;33,56
21;"S";"Cavetrooper";663,97;646,76;647,68;645,62;194,88;93,23;24,55;86,62;67,34;83,66;86,98;47,02;55,76;16,11
22;"S";"Cavetrooper";661;660,17;653,51;648,95;194,97;105,99;27,88;76,22;69,57;82,06;92,71;48,16;56,22;67,95
23;"N";"Cavetrooper";663,79;656,04;647,8;647,35;195,02;89,85;23,62;65,05;68,67;80,95;91,15;52,28;52,4;66,9
24;"S";"Cavetrooper";663,75;655,4;652,49;654,18;194,83;96,43;25,4;81,1;71,69;85,28;76,49;53,91;47,09;44,75
25;"N";"Cavetrooper";653,46;649,75;640,03;651,71;194,99;96,61;25,41;64,14;67,84;79,71;87,68;52,35;58,42;64,35
26;"S";"Cavetrooper";655,68;649,73;648,18;658,72;194,84;91,37;24,07;76,7;71,83;83,47;84,97;59,53;63,46;12,57
27;"S";"Cavetrooper";660,22;647,27;642,91;648,86;194,85;101,7;26,79;72,11;71,55;83,69;78,22;39,25;45,69;48,14
28;"S";"Cavetrooper";662,27;651,84;651,12;655,92;195,17;94,27;24,75;76,42;71,5;86,74;89,19;46,08;54,26;43,17
29;"S";"Cavetrooper";652,29;646,16;655,89;650,57;194,9;108,51;28,57;78,3;71,43;79,01;87,25;31,19;53,47;50,87
30;"N";"Cavetrooper";645,68;643,27;654,05;646,46;194,9;98,79;26,01;62,8;69,51;86,15;81;49,11;61,76;8,48
31;"S";"Cavetrooper";656,35;651,01;657,16;651,65;194,89;85,25;22,44;83,77;68,4;83,02;84,07;46,97;54,13;80,71
32;"S";"Cavetrooper";656,92;649,34;651,55;648,31;195;114,44;30,1;72,39;67,91;86,74;77,74;48,18;61,85;55,89
33;"N";"Cavetrooper";650,57;653,74;659,09;649,52;194,91;93,57;24,63;62,66;68,46;80,04;75,66;39,92;58,53;84,36
34;"N";"Cavetrooper";663,4;646,9;650,19;653,39;195,15;104,38;27,41;66,14;69,51;84,33;85,98;52,71;64,53;13,73
35;"N";"Cavetrooper";661,25;653,67;646,43;649,06;195,08;91,84;24,13;65,82;71,15;85,27;92,19;46,42;51,43;87,6
36;"N";"Cavetrooper";655,07;645,18;637,57;646,41;195,24;96,57;25,33;66,91;68,34;84,03;80,26;54,32;56,54;85,01
37;"N";"Cavetrooper";660,49;655,84;651,18;644,92;194,97;90,36;23,77;70,21;68,61;85,5;89,46;48,5;53,67;64,69
38;"S";"Cavetrooper";659,36;646,58;641,88;650,73;195,03;91,69;24,11;79,72;69,96;79,66;75,53;36,05;47,14;70,03
39;"N";"Cavetrooper";653,36;646,71;643,44;648,52;195,07;102,18;26,85;68,17;70,43;82,85;86,05;54,01;48,11;83,59
40;"S";"Cavetrooper";655,1;654,6;658,03;652,5;195,12;89,11;23,41;87,22;67,56;84,56;88,7;45,35;52,81;47,9
41;"S";"Cavetrooper";664,27;647,71;654,06;654,33;194,94;93,13;24,51;75,92;69,57;84,37;88,31;48,31;56,69;82,84
42;"N";"Cavetrooper";654,55;642,29;648,49;646,11;195,16;96,02;25,21;70,79;71,02;81,32;93,19;46,17;45,21;94,93
43;"S";"Cavetrooper";656,51;648,76;656,92;655,09;194,93;97,24;25,59;81,93;69,91;86,85;81,88;54,96;50,51;61,44
44;"S";"Cavetrooper";658,89;658,33;658,86;652,46;194,79;110,43;29,1;78,44;71,6;82,13;85,38;40,73;68,9;62,4
45;"S";"Cavetrooper";654,79;646,06;652,9;646,82;194,89;85,5;22,51;70,95;67,26;86,18;93,05;44,94;53,43;39,48
46;"S";"Cavetrooper";666,32;657,93;646,84;646,2;194,9;115,1;30,3;72,85;70,61;85,56;75,49;53,82;68,49;84,68
47;"S";"Cavetrooper";662,84;650,39;648,65;646,01;194,79;94,03;24,78;78,19;71,87;81,19;77,69;53,54;59,97;20,8
48;"S";"Cavetrooper";666,19;655,33;646,82;659,44;194,94;98,76;25,99;78,02;70,92;85,03;80,74;63,06;63,94;78,39
49;"S";"Cavetrooper";652,89;657,68;652,99;657;195,03;107,26;28,2;79,5;69,36;80,91;92,99;45,06;48,28;68,53
50;"N";"Cavetrooper";656,72;647,29;653,92;647,51;194,97;100,05;26,32;58,24;70,4;84,72;83,12;56,71;58,35;88,36
51;"N";"Cavetrooper";655,24;651,9;651,54;647,42;194,94;89,7;23,6;62,13;71,31;83,39;75,37;56,58;66,6;97,77
52;"N";"Cavetrooper";664,4;643,73;653,96;657,13;195,24;88,88;23,32;61,42;71,37;79,86;91,03;54,64;49;60,39
53;"N";"Cavetrooper";662,82;650,26;654,29;640,91;194,77;89,28;23,53;72,43;69,8;83,45;87,44;51,67;50,88;51,04
54;"S";"Cavetrooper";660,73;662,21;663,28;648,87;194,7;105,34;27,79;82,86;70,37;84,8;77,92;53,76;48,29;81,79
55;"S";"Cavetrooper";648,06;651,73;647,57;653,48;195,04;105,9;27,84;83,38;68,15;80,4;88,87;48,93;50,48;95,08
56;"S";"Cavetrooper";659,43;652,27;645,47;650,9;194,84;102,37;26,97;70,53;67,84;85,91;76,06;58,03;50,84;31,89
57;"N";"Cavetrooper";658,4;639,82;644,76;648,04;195,16;104,17;27,35;62,01;67,74;81,61;85,12;47,57;59,71;81,2
58;"S";"Cavetrooper";657,07;649,01;644,98;641,12;195,12;84,61;22,22;78,74;67,53;80,9;91,64;59,95;58,18;10,88
59;"S";"Cavetrooper";661,69;652,02;645,68;655,67;194,93;101,98;26,84;78,59;68,07;80,57;92,17;62,52;53,87;48,35
60;"N";"Cavetrooper";659,2;653,42;651,32;645,85;194,96;94,26;24,8;59,06;68,19;86,34;85,74;64,55;52,44;49,45
61;"N";"Cavetrooper";674,23;650,43;647,76;649,39;194,88;100,35;26,42;60,99;71,68;86,45;85,63;45,63;61,55;33,94
62;"S";"Cavetrooper";673,61;648,89;654,01;656,47;194,83;93,54;24,64;79,72;68,71;85,77;77,07;62,56;50,28;67,81
63;"S";"Cavetrooper";664,67;647,45;645,54;647,29;194,96;96,41;25,36;84,08;70,24;79,91;77,86;54,74;57,12;95,13
64;"N";"Cavetrooper";656,2;649,75;637,19;645,54;194,91;101,19;26,64;73,55;69,82;80,32;82,02;52,85;64,49;55,55
65;"S";"Cavetrooper";655,16;656,78;653,12;653,78;195,17;108,34;28,44;75,97;71,89;79,49;78,57;38,21;46,28;45,94
66;"S";"Cavetrooper";661,42;649,94;648,53;650,83;195,09;83,06;21,82;88,81;68,52;80,57;92,36;48,59;52,97;87,19
67;"S";"Cavetrooper";661,47;661,68;647,8;649,1;195,02;87,56;23,02;80,12;67,12;80,75;76,66;46,26;65,51;21,23
68;"S";"Cavetrooper";658,35;650,43;646,34;655,48;195,21;96,51;25,33;73,51;70,91;84,02;77,48;62,29;53,73;63,82
69;"N";"Cavetrooper";657,07;650,47;653,36;637,92;195,21;97,85;25,68;73,2;71,67;81,05;90,28;48,46;51,22;74,08
70;"N";"Cavetrooper";660,7;649,71;643,48;648,61;194,76;91,85;24,21;67,27;67,03;80,96;91,76;44,29;56,36;62,97
71;"S";"Cavetrooper";649,1;650,63;657,37;641,59;195,02;100,53;26,43;81,97;71,59;85,74;93,15;53,74;52,44;55,75
72;"S";"Cavetrooper";657,04;648,15;651,5;641,44;194,85;104,98;27,65;81,04;70,84;81,28;75,53;50,94;53,06;6,49
73;"S";"Cavetrooper";661,08;658;651,73;658,39;195,07;100,62;26,44;73,51;70,73;81,34;81,43;53,18;60,83;97,3
74;"S";"Cavetrooper";665,04;657,71;654,07;653,19;195;100,19;26,35;67,74;67,5;85,54;78,12;31,61;42;52,77
75;"N";"Cavetrooper";674,54;657,39;653,73;651,59;195,24;107,88;28,3;69,66;67,6;80,82;88,75;40,26;55,64;53,77
76;"S";"Cavetrooper";658,69;650,31;644,2;646,24;195;92,8;24,4;76,21;67,63;79;89,23;61,53;51,33;66,79
77;"N";"Cavetrooper";645,7;655,41;651,7;657,1;194,99;105,21;27,67;59,54;67,27;84,29;76,25;43,68;62,14;19,56
78;"N";"Cavetrooper";658,67;653,65;642,3;651,36;195,12;94,08;24,71;67,42;67,35;83,35;80,88;50,04;66,49;95,4
79;"N";"Cavetrooper";655,25;649,23;648,71;654,95;195,05;89,42;23,5;58,97;69,53;79,88;76,61;39,32;50,77;72,24
80;"N";"Cavetrooper";666,08;651,74;647,29;646,46;195,16;103,77;27,25;58,18;71,64;84,35;75;44,69;53,32;27,32
81;"S";"Cavetrooper";658,63;652,48;648,78;652,43;195,1;98,17;25,79;81,95;70,27;85,98;76,95;62,16;50,84;35,43
82;"S";"Cavetrooper";655,07;650,61;653,5;653,02;194,9;97,03;25,54;85,24;68,33;83,39;86,35;46,14;53,72;38,59
83;"S";"Cavetrooper";654,25;654,38;644,85;650,59;195,19;102,22;26,83;78,93;70,75;82,3;93,7;54,11;56,48;22,85
84;"N";"Cavetrooper";649,4;654,05;650,88;646,53;194,99;95,4;25,09;60,48;69,33;79,68;86,17;37,77;58,82;90,93
85;"N";"Cavetrooper";655,41;643,79;647,99;650,19;194,86;94,64;24,92;71,31;69;83,57;85,06;58,53;48,63;24,38
86;"S";"Cavetrooper";656,27;648,17;648,63;644,32;194,9;104,42;27,49;86,35;70,51;85,12;80,27;43,81;58,67;56,4
87;"S";"Cavetrooper";665,82;655,25;650,66;647,29;195,01;110,35;29,02;85,27;71,67;84,04;91,1;49,9;60,78;14,52
88;"N";"Cavetrooper";662,18;648,43;652,68;646,89;194,94;83,81;22,05;65,2;69,13;84,16;89,03;53,28;63,46;95,27
89;"N";"Cavetrooper";658,45;643,85;652,03;652,2;195,03;96,18;25,29;64,37;69,42;84,26;85,2;53,65;61,21;96,38
90;"S";"Cavetrooper";657,22;646,71;643,47;652,96;195,06;105,95;27,85;82,76;68,08;79,72;78,63;46,34;54,53;75,16
91;"N";"Cavetrooper";657,49;657;647,22;649,4;194,87;101,94;26,84;68,33;67,68;80,84;81,49;46,9;54,83;95,73
92;"N";"Cavetrooper";670,7;657,11;650,31;641,86;195,22;97,73;25,64;66,19;69,45;86,88;80,34;43,52;58,25;23,75
93;"S";"Cavetrooper";659,09;635,39;647,93;648,91;195,02;89,94;23,65;80,87;68;84,21;84,33;54,42;53,39;41,21
94;"N";"Cavetrooper";660,96;642,42;652,19;653,44;195,19;94,8;24,88;66,23;71,18;84,29;87,57;46,74;50,48;34,67
95;"N";"Cavetrooper";660,63;647,72;647;655,14;195,04;92,43;24,3;58,69;68,76;81,94;85,22;55,12;52,65;71,8
96;"N";"Cavetrooper";666,38;646,22;651,99;657,01;194,98;91;23,94;61,57;71,11;79,63;81,07;37,56;55,93;5,92
97;"N";"Cavetrooper";661,33;652,13;645,86;649,03;195,05;109,28;28,72;67,32;67,78;79,95;93,27;50,56;56,52;64,69
98;"S";"Cavetrooper";665,98;640,61;651,45;647,48;195,24;102,54;26,9;78,32;68,17;86,9;82,45;50,93;50,56;26,31
99;"N";"Cavetrooper";652,33;650,92;659,44;648,31;195,09;102,22;26,86;59,91;70,33;82,32;92,67;31,19;47,35;44,37
100;"N";"Cavetrooper";654,19;647,92;649,98;639,54;194,94;93,84;24,69;60,12;69,71;80,16;91,72;45,09;42,87;62,4
101;"N";"Snowtrooper";657,12;658,04;654,13;646,48;195,03;96,82;25,45;68,06;70,41;83,66;89,01;36,19;55,32;65,31
102;"N";"Snowtrooper";640,23;663,91;659,25;653,46;195,03;92,34;24,28;67,44;68,69;79,24;81,86;60,92;54,2;13,46
103;"S";"Snowtrooper";651,72;650,04;645,79;647,9;194,99;101,84;26,79;79,82;67,16;83,96;93,71;49,06;48,71;27,99
104;"S";"Snowtrooper";646,98;661,92;659,66;646,74;195,06;102,91;27,05;76,74;69,97;80,19;84,58;60,08;46,03;75,36
105;"S";"Snowtrooper";651,79;654,62;646,87;645,41;194,85;108,19;28,5;88,69;68,31;79,63;89,53;53,34;57,61;43,56
106;"N";"Snowtrooper";639,81;657,44;648,9;650,9;194,83;101,25;26,67;65,34;71;82,92;76,11;51,16;53,96;77,82
107;"S";"Snowtrooper";647,2;653,09;654,18;647,94;194,79;78,36;20,65;87,25;67,9;79,16;77,41;45,71;43,04;95,01
108;"N";"Snowtrooper";655,36;653,46;649,3;650,35;195,05;91,17;23,96;64,93;70,65;85,26;79,24;37,9;48,93;5,7
109;"N";"Snowtrooper";650,11;669,21;649,23;650,51;195,19;83,27;21,86;73,56;71,39;85,93;93,82;46,78;62,74;95,5
110;"N";"Snowtrooper";642,98;662,36;653,41;653,94;194,84;90,52;23,84;63,71;69,91;85,72;82,51;39,05;54,37;54,25
111;"N";"Snowtrooper";649,58;661,14;653,19;661,27;195,02;91,54;24,07;67,3;67,74;86,46;93,47;44,69;50,3;68,06
112;"S";"Snowtrooper";651,95;660,48;655,54;650,63;195,09;92,3;24,25;74,38;67,61;83,96;82,58;48,33;55,81;93,99
113;"S";"Snowtrooper";656,47;659,18;651,13;644,52;195,1;88,05;23,13;71,66;67,06;82,22;80,66;54,52;66,44;73,59
114;"N";"Snowtrooper";658,36;667,99;649,98;651,8;194,97;92,57;24,35;66,7;68,28;86,3;88,98;47,16;60,39;93,48
115;"N";"Snowtrooper";647,65;672,5;648,21;653,47;194,94;98,03;25,8;68,04;71,97;82,87;79,01;47,09;54,1;26,63
116;"N";"Snowtrooper";648,01;661,61;651,83;645,61;195,14;92,04;24,17;61,74;70,29;80,63;87,59;52,69;57,41;49,39
117;"N";"Snowtrooper";645,39;661,42;644,21;641,68;195,05;101,65;26,72;62,56;69,33;85,84;85,72;58,35;48,03;68,05
118;"N";"Snowtrooper";648,7;664,77;650,93;650,54;194,94;95,01;25;73,54;68,79;82,12;92,79;46,11;51,31;39,65
119;"S";"Snowtrooper";650,67;655,7;645,96;653,79;195,06;95,31;25,05;86,38;69,84;80,8;89,64;40,3;58,93;55,75
120;"S";"Snowtrooper";653,35;660,19;651,64;660,61;194,9;88,96;23,42;72,3;70,34;86,15;78,54;50,65;59,89;33,56
121;"S";"Snowtrooper";654,58;669,89;647,66;644,63;194,88;93,23;24,55;86,62;67,34;83,66;86,98;47,02;55,76;16,11
122;"S";"Snowtrooper";654,53;660,98;648,18;647,6;194,97;105,99;27,88;76,22;69,57;82,06;92,71;48,16;56,22;67,95
123;"N";"Snowtrooper";657,92;652,59;659,04;657,46;195,02;89,85;23,62;65,05;68,67;80,95;91,15;52,28;52,4;66,9
124;"S";"Snowtrooper";648,64;671,96;646,92;649,92;194,83;96,43;25,4;81,1;71,69;85,28;76,49;53,91;47,09;44,75
125;"N";"Snowtrooper";647,51;659,07;652,06;653,1;194,99;96,61;25,41;64,14;67,84;79,71;87,68;52,35;58,42;64,35
126;"S";"Snowtrooper";646,98;666,53;660,81;656,72;194,84;91,37;24,07;76,7;71,83;83,47;84,97;59,53;63,46;12,57
127;"S";"Snowtrooper";655,8;647,5;645,2;645,66;194,85;101,7;26,79;72,11;71,55;83,69;78,22;39,25;45,69;48,14
128;"S";"Snowtrooper";658,82;667,35;648,89;655,05;195,17;94,27;24,75;76,42;71,5;86,74;89,19;46,08;54,26;43,17
129;"S";"Snowtrooper";655,75;660,85;657,19;648,02;194,9;108,51;28,57;78,3;71,43;79,01;87,25;31,19;53,47;50,87
130;"N";"Snowtrooper";638,76;657,79;642,56;650,93;194,9;98,79;26,01;62,8;69,51;86,15;81;49,11;61,76;8,48
131;"S";"Snowtrooper";650,84;653,75;648,91;646,11;194,89;85,25;22,44;83,77;68,4;83,02;84,07;46,97;54,13;80,71
132;"S";"Snowtrooper";650,27;659,38;651,89;647;195;114,44;30,1;72,39;67,91;86,74;77,74;48,18;61,85;55,89
133;"N";"Snowtrooper";655,41;657,37;649,32;657,68;194,91;93,57;24,63;62,66;68,46;80,04;75,66;39,92;58,53;84,36
134;"N";"Snowtrooper";649,75;658,94;637,42;647,08;195,15;104,38;27,41;66,14;69,51;84,33;85,98;52,71;64,53;13,73
135;"N";"Snowtrooper";647,37;663,05;657,03;654,66;195,08;91,84;24,13;65,82;71,15;85,27;92,19;46,42;51,43;87,6
136;"N";"Snowtrooper";643,61;667,34;644,54;659,6;195,24;96,57;25,33;66,91;68,34;84,03;80,26;54,32;56,54;85,01
137;"N";"Snowtrooper";651,93;663,76;651,4;657,84;194,97;90,36;23,77;70,21;68,61;85,5;89,46;48,5;53,67;64,69
138;"S";"Snowtrooper";651,18;660,61;650,83;644,42;195,03;91,69;24,11;79,72;69,96;79,66;75,53;36,05;47,14;70,03
139;"N";"Snowtrooper";646,02;650,25;646,6;661;195,07;102,18;26,85;68,17;70,43;82,85;86,05;54,01;48,11;83,59
140;"S";"Snowtrooper";648,51;660,5;647,55;652,07;195,12;89,11;23,41;87,22;67,56;84,56;88,7;45,35;52,81;47,9
141;"S";"Snowtrooper";640,9;657,29;656,76;650,22;194,94;93,13;24,51;75,92;69,57;84,37;88,31;48,31;56,69;82,84
142;"N";"Snowtrooper";646,18;658,7;656,84;647,34;195,16;96,02;25,21;70,79;71,02;81,32;93,19;46,17;45,21;94,93
143;"S";"Snowtrooper";647,85;656,79;650,71;640,44;194,93;97,24;25,59;81,93;69,91;86,85;81,88;54,96;50,51;61,44
144;"S";"Snowtrooper";653,3;663,61;652,16;648,92;194,79;110,43;29,1;78,44;71,6;82,13;85,38;40,73;68,9;62,4
145;"S";"Snowtrooper";644,27;663,37;649,1;646,77;194,89;85,5;22,51;70,95;67,26;86,18;93,05;44,94;53,43;39,48
146;"S";"Snowtrooper";650,82;650,17;647,96;645,69;194,9;115,1;30,3;72,85;70,61;85,56;75,49;53,82;68,49;84,68
147;"S";"Snowtrooper";645,93;657,6;652,91;648,77;194,79;94,03;24,78;78,19;71,87;81,19;77,69;53,54;59,97;20,8
148;"S";"Snowtrooper";648,14;669,32;648,71;650,8;194,94;98,76;25,99;78,02;70,92;85,03;80,74;63,06;63,94;78,39
149;"S";"Snowtrooper";649,04;655,77;655,19;652,81;195,03;107,26;28,2;79,5;69,36;80,91;92,99;45,06;48,28;68,53
150;"N";"Snowtrooper";647,91;661,51;655,3;658,75;194,97;100,05;26,32;58,24;70,4;84,72;83,12;56,71;58,35;88,36
151;"N";"Snowtrooper";645,91;663,24;646,62;649,62;194,94;89,7;23,6;62,13;71,31;83,39;75,37;56,58;66,6;97,77
152;"N";"Snowtrooper";646,03;662,19;654,81;647,74;195,24;88,88;23,32;61,42;71,37;79,86;91,03;54,64;49;60,39
153;"N";"Snowtrooper";641,38;656,84;644,33;639;194,77;89,28;23,53;72,43;69,8;83,45;87,44;51,67;50,88;51,04
154;"S";"Snowtrooper";650,04;666,7;652,13;636,66;194,7;105,34;27,79;82,86;70,37;84,8;77,92;53,76;48,29;81,79
155;"S";"Snowtrooper";656,77;663,98;648,95;645;195,04;105,9;27,84;83,38;68,15;80,4;88,87;48,93;50,48;95,08
156;"S";"Snowtrooper";647,61;669,09;651,08;648,74;194,84;102,37;26,97;70,53;67,84;85,91;76,06;58,03;50,84;31,89
157;"N";"Snowtrooper";650,78;654,26;652,22;642,3;195,16;104,17;27,35;62,01;67,74;81,61;85,12;47,57;59,71;81,2
158;"S";"Snowtrooper";661,92;652,21;647,27;654,82;195,12;84,61;22,22;78,74;67,53;80,9;91,64;59,95;58,18;10,88
159;"S";"Snowtrooper";653,14;651,72;649,06;647,82;194,93;101,98;26,84;78,59;68,07;80,57;92,17;62,52;53,87;48,35
160;"N";"Snowtrooper";649,7;665,33;650,76;654,22;194,96;94,26;24,8;59,06;68,19;86,34;85,74;64,55;52,44;49,45
161;"N";"Snowtrooper";642,33;659,39;650,32;652,74;194,88;100,35;26,42;60,99;71,68;86,45;85,63;45,63;61,55;33,94
162;"S";"Snowtrooper";652,94;663,76;652,77;649,88;194,83;93,54;24,64;79,72;68,71;85,77;77,07;62,56;50,28;67,81
163;"S";"Snowtrooper";654,18;663,57;651,16;648,21;194,96;96,41;25,36;84,08;70,24;79,91;77,86;54,74;57,12;95,13
164;"N";"Snowtrooper";648,17;658,05;644,12;646,5;194,91;101,19;26,64;73,55;69,82;80,32;82,02;52,85;64,49;55,55
165;"S";"Snowtrooper";654,11;659,54;650,38;649,08;195,17;108,34;28,44;75,97;71,89;79,49;78,57;38,21;46,28;45,94
166;"S";"Snowtrooper";646,46;651,87;644,1;642,75;195,09;83,06;21,82;88,81;68,52;80,57;92,36;48,59;52,97;87,19
167;"S";"Snowtrooper";652,14;647,21;653,11;643,59;195,02;87,56;23,02;80,12;67,12;80,75;76,66;46,26;65,51;21,23
168;"S";"Snowtrooper";647,16;652,08;641,97;646,97;195,21;96,51;25,33;73,51;70,91;84,02;77,48;62,29;53,73;63,82
169;"N";"Snowtrooper";663,94;657,23;646,53;651,07;195,21;97,85;25,68;73,2;71,67;81,05;90,28;48,46;51,22;74,08
170;"N";"Snowtrooper";645,49;652,81;650,87;644,79;194,76;91,85;24,21;67,27;67,03;80,96;91,76;44,29;56,36;62,97
171;"S";"Snowtrooper";641,96;661,77;645,69;655,91;195,02;100,53;26,43;81,97;71,59;85,74;93,15;53,74;52,44;55,75
172;"S";"Snowtrooper";658,18;661,34;658,08;649,82;194,85;104,98;27,65;81,04;70,84;81,28;75,53;50,94;53,06;6,49
173;"S";"Snowtrooper";645,83;664,58;644,73;653,05;195,07;100,62;26,44;73,51;70,73;81,34;81,43;53,18;60,83;97,3
174;"S";"Snowtrooper";648,96;658,7;652,69;650,92;195;100,19;26,35;67,74;67,5;85,54;78,12;31,61;42;52,77
175;"N";"Snowtrooper";646,33;668,91;642,62;649,19;195,24;107,88;28,3;69,66;67,6;80,82;88,75;40,26;55,64;53,77
176;"S";"Snowtrooper";646,5;660,55;642,15;645,29;195;92,8;24,4;76,21;67,63;79;89,23;61,53;51,33;66,79
177;"N";"Snowtrooper";651,39;666,06;651,49;645,59;194,99;105,21;27,67;59,54;67,27;84,29;76,25;43,68;62,14;19,56
178;"N";"Snowtrooper";649,17;656,23;651,71;646,05;195,12;94,08;24,71;67,42;67,35;83,35;80,88;50,04;66,49;95,4
179;"N";"Snowtrooper";642,6;672,36;648,32;655,86;195,05;89,42;23,5;58,97;69,53;79,88;76,61;39,32;50,77;72,24
180;"N";"Snowtrooper";660,19;658,74;644,87;649,01;195,16;103,77;27,25;58,18;71,64;84,35;75;44,69;53,32;27,32
181;"S";"Snowtrooper";652,78;659,8;643,51;654,03;195,1;98,17;25,79;81,95;70,27;85,98;76,95;62,16;50,84;35,43
182;"S";"Snowtrooper";651,55;662,69;648,81;645,37;194,9;97,03;25,54;85,24;68,33;83,39;86,35;46,14;53,72;38,59
183;"S";"Snowtrooper";651,05;653,82;637,03;649,27;195,19;102,22;26,83;78,93;70,75;82,3;93,7;54,11;56,48;22,85
184;"N";"Snowtrooper";646,07;658,63;653,74;644,09;194,99;95,4;25,09;60,48;69,33;79,68;86,17;37,77;58,82;90,93
185;"N";"Snowtrooper";652,09;662,18;653,81;648,58;194,86;94,64;24,92;71,31;69;83,57;85,06;58,53;48,63;24,38
186;"S";"Snowtrooper";643,17;660,89;653,87;658,64;194,9;104,42;27,49;86,35;70,51;85,12;80,27;43,81;58,67;56,4
187;"S";"Snowtrooper";657,24;662,88;658,12;651,14;195,01;110,35;29,02;85,27;71,67;84,04;91,1;49,9;60,78;14,52
188;"N";"Snowtrooper";648,4;658,91;657,75;646,47;194,94;83,81;22,05;65,2;69,13;84,16;89,03;53,28;63,46;95,27
189;"N";"Snowtrooper";649,42;655,24;649,05;651,98;195,03;96,18;25,29;64,37;69,42;84,26;85,2;53,65;61,21;96,38
190;"S";"Snowtrooper";644,65;658,75;654,73;654,09;195,06;105,95;27,85;82,76;68,08;79,72;78,63;46,34;54,53;75,16
191;"N";"Snowtrooper";644,2;666,61;642,12;649,59;194,87;101,94;26,84;68,33;67,68;80,84;81,49;46,9;54,83;95,73
192;"N";"Snowtrooper";644,42;665,39;649,91;653,3;195,22;97,73;25,64;66,19;69,45;86,88;80,34;43,52;58,25;23,75
193;"S";"Snowtrooper";647,14;658,81;640,55;654,7;195,02;89,94;23,65;80,87;68;84,21;84,33;54,42;53,39;41,21
194;"N";"Snowtrooper";652,36;660,29;655,39;650,31;195,19;94,8;24,88;66,23;71,18;84,29;87,57;46,74;50,48;34,67
195;"N";"Snowtrooper";650,35;661,94;651,6;649,31;195,04;92,43;24,3;58,69;68,76;81,94;85,22;55,12;52,65;71,8
196;"N";"Snowtrooper";648,94;659,01;657,48;654,37;194,98;91;23,94;61,57;71,11;79,63;81,07;37,56;55,93;5,92
197;"N";"Snowtrooper";652,83;661,36;647,34;657,2;195,05;109,28;28,72;67,32;67,78;79,95;93,27;50,56;56,52;64,69
198;"S";"Snowtrooper";650,74;659,14;657,86;652,84;195,24;102,54;26,9;78,32;68,17;86,9;82,45;50,93;50,56;26,31
199;"N";"Snowtrooper";650,44;653,93;651,15;653,7;195,09;102,22;26,86;59,91;70,33;82,32;92,67;31,19;47,35;44,37
200;"N";"Snowtrooper";657,11;662,12;648,57;659,05;194,94;93,84;24,69;60,12;69,71;80,16;91,72;45,09;42,87;62,4
201;"N";"Lavatrooper";648,88;656,52;659,87;651,32;195,03;96,82;25,45;68,06;70,41;83,66;89,01;36,19;55,32;65,31
202;"N";"Lavatrooper";657,71;644,37;669,04;650,23;195,03;92,34;24,28;67,44;68,69;79,24;81,86;60,92;54,2;13,46
203;"S";"Lavatrooper";648,35;650,88;658,14;650,99;194,99;101,84;26,79;79,82;67,16;83,96;93,71;49,06;48,71;27,99
204;"S";"Lavatrooper";654,93;658,48;659,82;648,35;195,06;102,91;27,05;76,74;69,97;80,19;84,58;60,08;46,03;75,36
205;"S";"Lavatrooper";650,72;657,99;659,95;649,48;194,85;108,19;28,5;88,69;68,31;79,63;89,53;53,34;57,61;43,56
206;"N";"Lavatrooper";641,2;649,54;658,88;649,75;194,83;101,25;26,67;65,34;71;82,92;76,11;51,16;53,96;77,82
207;"S";"Lavatrooper";651,27;653,32;663,03;649,01;194,79;78,36;20,65;87,25;67,9;79,16;77,41;45,71;43,04;95,01
208;"N";"Lavatrooper";649,09;658,19;662,33;655,93;195,05;91,17;23,96;64,93;70,65;85,26;79,24;37,9;48,93;5,7
209;"N";"Lavatrooper";643,58;654,54;649,94;648,35;195,19;83,27;21,86;73,56;71,39;85,93;93,82;46,78;62,74;95,5
210;"N";"Lavatrooper";655,31;639,95;659,64;647,06;194,84;90,52;23,84;63,71;69,91;85,72;82,51;39,05;54,37;54,25
211;"N";"Lavatrooper";647,8;653,36;664,26;650,11;195,02;91,54;24,07;67,3;67,74;86,46;93,47;44,69;50,3;68,06
212;"S";"Lavatrooper";638,92;648,84;665,74;638,29;195,09;92,3;24,25;74,38;67,61;83,96;82,58;48,33;55,81;93,99
213;"S";"Lavatrooper";653,31;652,36;654,21;646,4;195,1;88,05;23,13;71,66;67,06;82,22;80,66;54,52;66,44;73,59
214;"N";"Lavatrooper";650,86;653,05;660,05;653;194,97;92,57;24,35;66,7;68,28;86,3;88,98;47,16;60,39;93,48
215;"N";"Lavatrooper";653,08;648,97;662,28;652,46;194,94;98,03;25,8;68,04;71,97;82,87;79,01;47,09;54,1;26,63
216;"N";"Lavatrooper";652,67;655,5;664,61;657,88;195,14;92,04;24,17;61,74;70,29;80,63;87,59;52,69;57,41;49,39
217;"N";"Lavatrooper";652,46;654,98;664,23;645,56;195,05;101,65;26,72;62,56;69,33;85,84;85,72;58,35;48,03;68,05
218;"N";"Lavatrooper";651,73;653,13;659,61;657,97;194,94;95,01;25;73,54;68,79;82,12;92,79;46,11;51,31;39,65
219;"S";"Lavatrooper";648,9;652,09;650,24;650,16;195,06;95,31;25,05;86,38;69,84;80,8;89,64;40,3;58,93;55,75
220;"S";"Lavatrooper";656,19;656,29;660,67;641,71;194,9;88,96;23,42;72,3;70,34;86,15;78,54;50,65;59,89;33,56
221;"S";"Lavatrooper";648,56;645,88;657,68;657,63;194,88;93,23;24,55;86,62;67,34;83,66;86,98;47,02;55,76;16,11
222;"S";"Lavatrooper";654,06;644,69;660,72;642,41;194,97;105,99;27,88;76,22;69,57;82,06;92,71;48,16;56,22;67,95
223;"N";"Lavatrooper";660,06;646,63;661,11;645,35;195,02;89,85;23,62;65,05;68,67;80,95;91,15;52,28;52,4;66,9
224;"S";"Lavatrooper";648,16;646,46;672,95;654,82;194,83;96,43;25,4;81,1;71,69;85,28;76,49;53,91;47,09;44,75
225;"N";"Lavatrooper";651,92;657,3;660,76;648,62;194,99;96,61;25,41;64,14;67,84;79,71;87,68;52,35;58,42;64,35
226;"S";"Lavatrooper";636,97;657,11;657,42;642,93;194,84;91,37;24,07;76,7;71,83;83,47;84,97;59,53;63,46;12,57
227;"S";"Lavatrooper";651,74;644,06;666,35;657,38;194,85;101,7;26,79;72,11;71,55;83,69;78,22;39,25;45,69;48,14
228;"S";"Lavatrooper";651,27;655,73;673,11;643,05;195,17;94,27;24,75;76,42;71,5;86,74;89,19;46,08;54,26;43,17
229;"S";"Lavatrooper";653;646,5;664,5;650,05;194,9;108,51;28,57;78,3;71,43;79,01;87,25;31,19;53,47;50,87
230;"N";"Lavatrooper";653,33;634,65;658,1;649,85;194,9;98,79;26,01;62,8;69,51;86,15;81;49,11;61,76;8,48
231;"S";"Lavatrooper";643,19;644,77;651,91;645,21;194,89;85,25;22,44;83,77;68,4;83,02;84,07;46,97;54,13;80,71
232;"S";"Lavatrooper";653,54;643,22;653,19;650,72;195;114,44;30,1;72,39;67,91;86,74;77,74;48,18;61,85;55,89
233;"N";"Lavatrooper";656,72;654,13;661,66;660,61;194,91;93,57;24,63;62,66;68,46;80,04;75,66;39,92;58,53;84,36
234;"N";"Lavatrooper";648,3;650,64;668,26;645,04;195,15;104,38;27,41;66,14;69,51;84,33;85,98;52,71;64,53;13,73
235;"N";"Lavatrooper";651,99;646,04;660,02;644,8;195,08;91,84;24,13;65,82;71,15;85,27;92,19;46,42;51,43;87,6
236;"N";"Lavatrooper";649,4;647,86;664,51;654,16;195,24;96,57;25,33;66,91;68,34;84,03;80,26;54,32;56,54;85,01
237;"N";"Lavatrooper";651,09;648,79;655,79;649,7;194,97;90,36;23,77;70,21;68,61;85,5;89,46;48,5;53,67;64,69
238;"S";"Lavatrooper";654,54;649,29;658,92;647,8;195,03;91,69;24,11;79,72;69,96;79,66;75,53;36,05;47,14;70,03
239;"N";"Lavatrooper";643,81;658,63;669,42;641,89;195,07;102,18;26,85;68,17;70,43;82,85;86,05;54,01;48,11;83,59
240;"S";"Lavatrooper";649,84;647,74;668,88;641,96;195,12;89,11;23,41;87,22;67,56;84,56;88,7;45,35;52,81;47,9
241;"S";"Lavatrooper";657,93;644,66;654,78;653,11;194,94;93,13;24,51;75,92;69,57;84,37;88,31;48,31;56,69;82,84
242;"N";"Lavatrooper";655,91;657,15;662,1;643,58;195,16;96,02;25,21;70,79;71,02;81,32;93,19;46,17;45,21;94,93
243;"S";"Lavatrooper";650,17;649,41;668,23;645,47;194,93;97,24;25,59;81,93;69,91;86,85;81,88;54,96;50,51;61,44
244;"S";"Lavatrooper";649,31;647,77;662,44;649,24;194,79;110,43;29,1;78,44;71,6;82,13;85,38;40,73;68,9;62,4
245;"S";"Lavatrooper";651,13;653,4;655,85;649,78;194,89;85,5;22,51;70,95;67,26;86,18;93,05;44,94;53,43;39,48
246;"S";"Lavatrooper";654,83;641,82;660,69;638,98;194,9;115,1;30,3;72,85;70,61;85,56;75,49;53,82;68,49;84,68
247;"S";"Lavatrooper";650,17;643,26;658,28;641,33;194,79;94,03;24,78;78,19;71,87;81,19;77,69;53,54;59,97;20,8
248;"S";"Lavatrooper";652,15;649,38;654,48;648,48;194,94;98,76;25,99;78,02;70,92;85,03;80,74;63,06;63,94;78,39
249;"S";"Lavatrooper";644,96;657,47;655,77;645,09;195,03;107,26;28,2;79,5;69,36;80,91;92,99;45,06;48,28;68,53
250;"N";"Lavatrooper";657,11;653,44;664,41;650,22;194,97;100,05;26,32;58,24;70,4;84,72;83,12;56,71;58,35;88,36
251;"N";"Lavatrooper";650,58;647,75;663,64;646,92;194,94;89,7;23,6;62,13;71,31;83,39;75,37;56,58;66,6;97,77
252;"N";"Lavatrooper";651,02;647,8;659,86;646,06;195,24;88,88;23,32;61,42;71,37;79,86;91,03;54,64;49;60,39
253;"N";"Lavatrooper";641,4;638,94;669,79;655,38;194,77;89,28;23,53;72,43;69,8;83,45;87,44;51,67;50,88;51,04
254;"S";"Lavatrooper";650,27;653,22;663,61;649,19;194,7;105,34;27,79;82,86;70,37;84,8;77,92;53,76;48,29;81,79
255;"S";"Lavatrooper";643,35;644,35;656,41;632,18;195,04;105,9;27,84;83,38;68,15;80,4;88,87;48,93;50,48;95,08
256;"S";"Lavatrooper";651,12;648,69;659,92;644,8;194,84;102,37;26,97;70,53;67,84;85,91;76,06;58,03;50,84;31,89
257;"N";"Lavatrooper";649,89;654,45;649,68;653,47;195,16;104,17;27,35;62,01;67,74;81,61;85,12;47,57;59,71;81,2
258;"S";"Lavatrooper";646,46;652,38;660,56;650,69;195,12;84,61;22,22;78,74;67,53;80,9;91,64;59,95;58,18;10,88
259;"S";"Lavatrooper";645,54;648,9;661,15;643,61;194,93;101,98;26,84;78,59;68,07;80,57;92,17;62,52;53,87;48,35
260;"N";"Lavatrooper";652,21;652,95;659,8;650,38;194,96;94,26;24,8;59,06;68,19;86,34;85,74;64,55;52,44;49,45
261;"N";"Lavatrooper";656,2;656,51;664,34;651,33;194,88;100,35;26,42;60,99;71,68;86,45;85,63;45,63;61,55;33,94
262;"S";"Lavatrooper";654,92;661,55;666,03;648,59;194,83;93,54;24,64;79,72;68,71;85,77;77,07;62,56;50,28;67,81
263;"S";"Lavatrooper";652,11;648,29;659,54;653,01;194,96;96,41;25,36;84,08;70,24;79,91;77,86;54,74;57,12;95,13
264;"N";"Lavatrooper";652,56;653,34;660,57;662,07;194,91;101,19;26,64;73,55;69,82;80,32;82,02;52,85;64,49;55,55
265;"S";"Lavatrooper";658,15;643,7;661,74;654,22;195,17;108,34;28,44;75,97;71,89;79,49;78,57;38,21;46,28;45,94
266;"S";"Lavatrooper";642,4;645,53;663,08;660,26;195,09;83,06;21,82;88,81;68,52;80,57;92,36;48,59;52,97;87,19
267;"S";"Lavatrooper";656,44;640,62;660;646,55;195,02;87,56;23,02;80,12;67,12;80,75;76,66;46,26;65,51;21,23
268;"S";"Lavatrooper";653,91;649,69;654,39;637,39;195,21;96,51;25,33;73,51;70,91;84,02;77,48;62,29;53,73;63,82
269;"N";"Lavatrooper";651,39;652,69;664;652,58;195,21;97,85;25,68;73,2;71,67;81,05;90,28;48,46;51,22;74,08
270;"N";"Lavatrooper";647,96;650,43;656,8;648,89;194,76;91,85;24,21;67,27;67,03;80,96;91,76;44,29;56,36;62,97
271;"S";"Lavatrooper";655,22;641,27;661,55;655,7;195,02;100,53;26,43;81,97;71,59;85,74;93,15;53,74;52,44;55,75
272;"S";"Lavatrooper";643,95;662,96;664,55;654,1;194,85;104,98;27,65;81,04;70,84;81,28;75,53;50,94;53,06;6,49
273;"S";"Lavatrooper";653,25;655,26;659,38;651,79;195,07;100,62;26,44;73,51;70,73;81,34;81,43;53,18;60,83;97,3
274;"S";"Lavatrooper";660,18;646,9;660,1;645,6;195;100,19;26,35;67,74;67,5;85,54;78,12;31,61;42;52,77
275;"N";"Lavatrooper";653,56;655,88;667,72;651,91;195,24;107,88;28,3;69,66;67,6;80,82;88,75;40,26;55,64;53,77
276;"S";"Lavatrooper";651,68;648,21;655,33;651,21;195;92,8;24,4;76,21;67,63;79;89,23;61,53;51,33;66,79
277;"N";"Lavatrooper";650,14;650,28;659,29;644,14;194,99;105,21;27,67;59,54;67,27;84,29;76,25;43,68;62,14;19,56
278;"N";"Lavatrooper";640,09;651,35;663,88;650,14;195,12;94,08;24,71;67,42;67,35;83,35;80,88;50,04;66,49;95,4
279;"N";"Lavatrooper";656,55;657,06;658,02;654,67;195,05;89,42;23,5;58,97;69,53;79,88;76,61;39,32;50,77;72,24
280;"N";"Lavatrooper";643,42;650,73;661,29;646,79;195,16;103,77;27,25;58,18;71,64;84,35;75;44,69;53,32;27,32
281;"S";"Lavatrooper";644,58;645,5;657,18;642,58;195,1;98,17;25,79;81,95;70,27;85,98;76,95;62,16;50,84;35,43
282;"S";"Lavatrooper";653,82;648,41;663,5;644,18;194,9;97,03;25,54;85,24;68,33;83,39;86,35;46,14;53,72;38,59
283;"S";"Lavatrooper";645,46;648,47;656,34;648,91;195,19;102,22;26,83;78,93;70,75;82,3;93,7;54,11;56,48;22,85
284;"N";"Lavatrooper";646,13;649,7;661,64;654,14;194,99;95,4;25,09;60,48;69,33;79,68;86,17;37,77;58,82;90,93
285;"N";"Lavatrooper";646,85;656,08;662,74;652,94;194,86;94,64;24,92;71,31;69;83,57;85,06;58,53;48,63;24,38
286;"S";"Lavatrooper";656,34;650,79;667,53;645,4;194,9;104,42;27,49;86,35;70,51;85,12;80,27;43,81;58,67;56,4
287;"S";"Lavatrooper";655,01;654,33;657,76;654,84;195,01;110,35;29,02;85,27;71,67;84,04;91,1;49,9;60,78;14,52
288;"N";"Lavatrooper";645,81;645,23;657,44;654,96;194,94;83,81;22,05;65,2;69,13;84,16;89,03;53,28;63,46;95,27
289;"N";"Lavatrooper";658,22;641,54;651,23;640,92;195,03;96,18;25,29;64,37;69,42;84,26;85,2;53,65;61,21;96,38
290;"S";"Lavatrooper";644,68;643,84;657,65;650,37;195,06;105,95;27,85;82,76;68,08;79,72;78,63;46,34;54,53;75,16
291;"N";"Lavatrooper";650,81;645,04;659,85;647,42;194,87;101,94;26,84;68,33;67,68;80,84;81,49;46,9;54,83;95,73
292;"N";"Lavatrooper";644,93;653,29;661,91;648,75;195,22;97,73;25,64;66,19;69,45;86,88;80,34;43,52;58,25;23,75
293;"S";"Lavatrooper";648,12;641,74;665,26;655,19;195,02;89,94;23,65;80,87;68;84,21;84,33;54,42;53,39;41,21
294;"N";"Lavatrooper";641,8;649,38;660,7;659,39;195,19;94,8;24,88;66,23;71,18;84,29;87,57;46,74;50,48;34,67
295;"N";"Lavatrooper";663,09;649,5;662,79;641,28;195,04;92,43;24,3;58,69;68,76;81,94;85,22;55,12;52,65;71,8
296;"N";"Lavatrooper";650,23;641,98;667,61;645,45;194,98;91;23,94;61,57;71,11;79,63;81,07;37,56;55,93;5,92
297;"N";"Lavatrooper";650,99;654,24;654,45;649,68;195,05;109,28;28,72;67,32;67,78;79,95;93,27;50,56;56,52;64,69
298;"S";"Lavatrooper";650,36;657,34;659,19;655,09;195,24;102,54;26,9;78,32;68,17;86,9;82,45;50,93;50,56;26,31
299;"N";"Lavatrooper";650,37;656,03;662,92;652,6;195,09;102,22;26,86;59,91;70,33;82,32;92,67;31,19;47,35;44,37
300;"N";"Lavatrooper";651,62;654,24;664,64;648,86;194,94;93,84;24,69;60,12;69,71;80,16;91,72;45,09;42,87;62,4
301;"N";"Shoretrooper";651,81;652,57;646,61;655,93;195,03;96,82;25,45;68,06;70,41;83,66;89,01;36,19;55,32;65,31
302;"N";"Shoretrooper";656,82;652,52;637,55;656,47;195,03;92,34;24,28;67,44;68,69;79,24;81,86;60,92;54,2;13,46
303;"S";"Shoretrooper";655,84;652,6;643,69;655,97;194,99;101,84;26,79;79,82;67,16;83,96;93,71;49,06;48,71;27,99
304;"S";"Shoretrooper";639,91;653,06;648,54;666,05;195,06;102,91;27,05;76,74;69,97;80,19;84,58;60,08;46,03;75,36
305;"S";"Shoretrooper";640,71;651,71;649,81;653,22;194,85;108,19;28,5;88,69;68,31;79,63;89,53;53,34;57,61;43,56
306;"N";"Shoretrooper";650,12;649,66;648,27;660,9;194,83;101,25;26,67;65,34;71;82,92;76,11;51,16;53,96;77,82
307;"S";"Shoretrooper";647,68;650,47;653,62;667,49;194,79;78,36;20,65;87,25;67,9;79,16;77,41;45,71;43,04;95,01
308;"N";"Shoretrooper";648,9;650,52;655,85;655,47;195,05;91,17;23,96;64,93;70,65;85,26;79,24;37,9;48,93;5,7
309;"N";"Shoretrooper";644,95;650,66;651,94;665,11;195,19;83,27;21,86;73,56;71,39;85,93;93,82;46,78;62,74;95,5
310;"N";"Shoretrooper";647,05;649,21;651,96;657,13;194,84;90,52;23,84;63,71;69,91;85,72;82,51;39,05;54,37;54,25
311;"N";"Shoretrooper";651,63;648,74;649,58;670,98;195,02;91,54;24,07;67,3;67,74;86,46;93,47;44,69;50,3;68,06
312;"S";"Shoretrooper";654,98;648,48;647,79;651,9;195,09;92,3;24,25;74,38;67,61;83,96;82,58;48,33;55,81;93,99
313;"S";"Shoretrooper";643,05;650,96;646,3;668,62;195,1;88,05;23,13;71,66;67,06;82,22;80,66;54,52;66,44;73,59
314;"N";"Shoretrooper";649;654,13;650,02;652,99;194,97;92,57;24,35;66,7;68,28;86,3;88,98;47,16;60,39;93,48
315;"N";"Shoretrooper";648,48;647,7;665,35;660,79;194,94;98,03;25,8;68,04;71,97;82,87;79,01;47,09;54,1;26,63
316;"N";"Shoretrooper";649,58;654,19;650,21;669,44;195,14;92,04;24,17;61,74;70,29;80,63;87,59;52,69;57,41;49,39
317;"N";"Shoretrooper";643;645,29;652,15;650,82;195,05;101,65;26,72;62,56;69,33;85,84;85,72;58,35;48,03;68,05
318;"N";"Shoretrooper";654,88;649,51;651,31;657,92;194,94;95,01;25;73,54;68,79;82,12;92,79;46,11;51,31;39,65
319;"S";"Shoretrooper";656,77;650,29;656,83;655,1;195,06;95,31;25,05;86,38;69,84;80,8;89,64;40,3;58,93;55,75
320;"S";"Shoretrooper";651,43;642,83;653,89;656,89;194,9;88,96;23,42;72,3;70,34;86,15;78,54;50,65;59,89;33,56
321;"S";"Shoretrooper";652,57;660,37;651,87;661,25;194,88;93,23;24,55;86,62;67,34;83,66;86,98;47,02;55,76;16,11
322;"S";"Shoretrooper";648,89;646,93;650,83;655,76;194,97;105,99;27,88;76,22;69,57;82,06;92,71;48,16;56,22;67,95
323;"N";"Shoretrooper";652,62;645,85;652,04;657,35;195,02;89,85;23,62;65,05;68,67;80,95;91,15;52,28;52,4;66,9
324;"S";"Shoretrooper";648,17;653,17;642,72;658,96;194,83;96,43;25,4;81,1;71,69;85,28;76,49;53,91;47,09;44,75
325;"N";"Shoretrooper";649,42;656,95;660,29;663,6;194,99;96,61;25,41;64,14;67,84;79,71;87,68;52,35;58,42;64,35
326;"S";"Shoretrooper";654,23;645,07;642,56;654,44;194,84;91,37;24,07;76,7;71,83;83,47;84,97;59,53;63,46;12,57
327;"S";"Shoretrooper";641,74;648,94;656,17;652,12;194,85;101,7;26,79;72,11;71,55;83,69;78,22;39,25;45,69;48,14
328;"S";"Shoretrooper";651,06;654,85;643,9;652,75;195,17;94,27;24,75;76,42;71,5;86,74;89,19;46,08;54,26;43,17
329;"S";"Shoretrooper";644,55;652,34;642,37;662,05;194,9;108,51;28,57;78,3;71,43;79,01;87,25;31,19;53,47;50,87
330;"N";"Shoretrooper";650,52;659,67;648,01;663,16;194,9;98,79;26,01;62,8;69,51;86,15;81;49,11;61,76;8,48
331;"S";"Shoretrooper";650,29;656,93;646,49;660,22;194,89;85,25;22,44;83,77;68,4;83,02;84,07;46,97;54,13;80,71
332;"S";"Shoretrooper";653,95;652,34;643,59;665,4;195;114,44;30,1;72,39;67,91;86,74;77,74;48,18;61,85;55,89
333;"N";"Shoretrooper";652,7;630,11;654,48;651,05;194,91;93,57;24,63;62,66;68,46;80,04;75,66;39,92;58,53;84,36
334;"N";"Shoretrooper";652,03;651,17;647,62;649,66;195,15;104,38;27,41;66,14;69,51;84,33;85,98;52,71;64,53;13,73
335;"N";"Shoretrooper";654,11;659,98;648,72;657,48;195,08;91,84;24,13;65,82;71,15;85,27;92,19;46,42;51,43;87,6
336;"N";"Shoretrooper";648,09;649,7;646,97;657,59;195,24;96,57;25,33;66,91;68,34;84,03;80,26;54,32;56,54;85,01
337;"N";"Shoretrooper";646,41;642,4;643,25;655,16;194,97;90,36;23,77;70,21;68,61;85,5;89,46;48,5;53,67;64,69
338;"S";"Shoretrooper";640,06;648,05;645,51;650,45;195,03;91,69;24,11;79,72;69,96;79,66;75,53;36,05;47,14;70,03
339;"N";"Shoretrooper";655,68;653,19;658,86;653,69;195,07;102,18;26,85;68,17;70,43;82,85;86,05;54,01;48,11;83,59
340;"S";"Shoretrooper";651;647,15;650,38;658,63;195,12;89,11;23,41;87,22;67,56;84,56;88,7;45,35;52,81;47,9
341;"S";"Shoretrooper";647,37;654,16;645,97;654,78;194,94;93,13;24,51;75,92;69,57;84,37;88,31;48,31;56,69;82,84
342;"N";"Shoretrooper";647,36;656,98;651,86;660,63;195,16;96,02;25,21;70,79;71,02;81,32;93,19;46,17;45,21;94,93
343;"S";"Shoretrooper";649,34;663,61;643,14;656,59;194,93;97,24;25,59;81,93;69,91;86,85;81,88;54,96;50,51;61,44
344;"S";"Shoretrooper";649,7;655,69;655,25;656,72;194,79;110,43;29,1;78,44;71,6;82,13;85,38;40,73;68,9;62,4
345;"S";"Shoretrooper";640,61;649,06;652,05;663,22;194,89;85,5;22,51;70,95;67,26;86,18;93,05;44,94;53,43;39,48
346;"S";"Shoretrooper";643,81;648,56;656,11;659,65;194,9;115,1;30,3;72,85;70,61;85,56;75,49;53,82;68,49;84,68
347;"S";"Shoretrooper";637;649,77;652,14;654,69;194,79;94,03;24,78;78,19;71,87;81,19;77,69;53,54;59,97;20,8
348;"S";"Shoretrooper";645,84;643,24;654,19;650,69;194,94;98,76;25,99;78,02;70,92;85,03;80,74;63,06;63,94;78,39
349;"S";"Shoretrooper";648,52;657,25;652,28;662,06;195,03;107,26;28,2;79,5;69,36;80,91;92,99;45,06;48,28;68,53
350;"N";"Shoretrooper";646,57;653,96;658,75;669,82;194,97;100,05;26,32;58,24;70,4;84,72;83,12;56,71;58,35;88,36
351;"N";"Shoretrooper";648,24;649,83;664,39;664,73;194,94;89,7;23,6;62,13;71,31;83,39;75,37;56,58;66,6;97,77
352;"N";"Shoretrooper";651,43;646,96;647,8;658,29;195,24;88,88;23,32;61,42;71,37;79,86;91,03;54,64;49;60,39
353;"N";"Shoretrooper";646,76;657,19;656,29;664,01;194,77;89,28;23,53;72,43;69,8;83,45;87,44;51,67;50,88;51,04
354;"S";"Shoretrooper";641,53;643,5;652,86;654,69;194,7;105,34;27,79;82,86;70,37;84,8;77,92;53,76;48,29;81,79
355;"S";"Shoretrooper";657,37;644,45;657,72;652,77;195,04;105,9;27,84;83,38;68,15;80,4;88,87;48,93;50,48;95,08
356;"S";"Shoretrooper";653,73;637,42;651,46;654,15;194,84;102,37;26,97;70,53;67,84;85,91;76,06;58,03;50,84;31,89
357;"N";"Shoretrooper";643,42;649,77;643,96;659,64;195,16;104,17;27,35;62,01;67,74;81,61;85,12;47,57;59,71;81,2
358;"S";"Shoretrooper";645,52;660,86;646,01;662,16;195,12;84,61;22,22;78,74;67,53;80,9;91,64;59,95;58,18;10,88
359;"S";"Shoretrooper";638,95;648,98;647,35;664,95;194,93;101,98;26,84;78,59;68,07;80,57;92,17;62,52;53,87;48,35
360;"N";"Shoretrooper";654,84;646,43;650,38;667,05;194,96;94,26;24,8;59,06;68,19;86,34;85,74;64,55;52,44;49,45
361;"N";"Shoretrooper";640,4;648,12;651,35;659,6;194,88;100,35;26,42;60,99;71,68;86,45;85,63;45,63;61,55;33,94
362;"S";"Shoretrooper";645,3;642,64;649,43;669,4;194,83;93,54;24,64;79,72;68,71;85,77;77,07;62,56;50,28;67,81
363;"S";"Shoretrooper";644,36;646,18;655,09;650,87;194,96;96,41;25,36;84,08;70,24;79,91;77,86;54,74;57,12;95,13
364;"N";"Shoretrooper";648,66;655,54;644,71;661,31;194,91;101,19;26,64;73,55;69,82;80,32;82,02;52,85;64,49;55,55
365;"S";"Shoretrooper";643,12;650,04;661,4;657,88;195,17;108,34;28,44;75,97;71,89;79,49;78,57;38,21;46,28;45,94
366;"S";"Shoretrooper";644,5;651,36;655,02;655,05;195,09;83,06;21,82;88,81;68,52;80,57;92,36;48,59;52,97;87,19
367;"S";"Shoretrooper";652,47;652,21;646,07;664,42;195,02;87,56;23,02;80,12;67,12;80,75;76,66;46,26;65,51;21,23
368;"S";"Shoretrooper";639,03;652,66;653,41;663,47;195,21;96,51;25,33;73,51;70,91;84,02;77,48;62,29;53,73;63,82
369;"N";"Shoretrooper";652,78;649,97;651,61;663,35;195,21;97,85;25,68;73,2;71,67;81,05;90,28;48,46;51,22;74,08
370;"N";"Shoretrooper";647,97;640,71;650,41;661,15;194,76;91,85;24,21;67,27;67,03;80,96;91,76;44,29;56,36;62,97
371;"S";"Shoretrooper";654,63;641,14;650,46;660,29;195,02;100,53;26,43;81,97;71,59;85,74;93,15;53,74;52,44;55,75
372;"S";"Shoretrooper";649,91;649,64;647,05;660,51;194,85;104,98;27,65;81,04;70,84;81,28;75,53;50,94;53,06;6,49
373;"S";"Shoretrooper";652,23;661,44;652,72;655,5;195,07;100,62;26,44;73,51;70,73;81,34;81,43;53,18;60,83;97,3
374;"S";"Shoretrooper";650,82;652,14;644,5;660,49;195;100,19;26,35;67,74;67,5;85,54;78,12;31,61;42;52,77
375;"N";"Shoretrooper";646,07;656,11;664,37;662,84;195,24;107,88;28,3;69,66;67,6;80,82;88,75;40,26;55,64;53,77
376;"S";"Shoretrooper";649,58;660,11;655,22;658,8;195;92,8;24,4;76,21;67,63;79;89,23;61,53;51,33;66,79
377;"N";"Shoretrooper";658,81;640,53;651,36;658,86;194,99;105,21;27,67;59,54;67,27;84,29;76,25;43,68;62,14;19,56
378;"N";"Shoretrooper";641,71;652,79;657,27;663,59;195,12;94,08;24,71;67,42;67,35;83,35;80,88;50,04;66,49;95,4
379;"N";"Shoretrooper";646,86;645,02;650,3;653,7;195,05;89,42;23,5;58,97;69,53;79,88;76,61;39,32;50,77;72,24
380;"N";"Shoretrooper";650,09;649,29;654;658,51;195,16;103,77;27,25;58,18;71,64;84,35;75;44,69;53,32;27,32
381;"S";"Shoretrooper";659,09;649,15;645,68;664,24;195,1;98,17;25,79;81,95;70,27;85,98;76,95;62,16;50,84;35,43
382;"S";"Shoretrooper";650,38;636,34;656,4;657,09;194,9;97,03;25,54;85,24;68,33;83,39;86,35;46,14;53,72;38,59
383;"S";"Shoretrooper";644,21;646,55;651,47;663,4;195,19;102,22;26,83;78,93;70,75;82,3;93,7;54,11;56,48;22,85
384;"N";"Shoretrooper";653,33;645,03;644,63;659,48;194,99;95,4;25,09;60,48;69,33;79,68;86,17;37,77;58,82;90,93
385;"N";"Shoretrooper";658,94;650,78;648,44;658,26;194,86;94,64;24,92;71,31;69;83,57;85,06;58,53;48,63;24,38
386;"S";"Shoretrooper";646,15;643,25;649,69;663,89;194,9;104,42;27,49;86,35;70,51;85,12;80,27;43,81;58,67;56,4
387;"S";"Shoretrooper";652,86;653,58;651,02;653,89;195,01;110,35;29,02;85,27;71,67;84,04;91,1;49,9;60,78;14,52
388;"N";"Shoretrooper";643,41;652,28;650,53;667,52;194,94;83,81;22,05;65,2;69,13;84,16;89,03;53,28;63,46;95,27
389;"N";"Shoretrooper";638,11;649,61;650,74;655,8;195,03;96,18;25,29;64,37;69,42;84,26;85,2;53,65;61,21;96,38
390;"S";"Shoretrooper";662,35;654,35;650,88;668,24;195,06;105,95;27,85;82,76;68,08;79,72;78,63;46,34;54,53;75,16
391;"N";"Shoretrooper";643,51;643,53;643,23;655,04;194,87;101,94;26,84;68,33;67,68;80,84;81,49;46,9;54,83;95,73
392;"N";"Shoretrooper";646,35;656,34;656,09;671,42;195,22;97,73;25,64;66,19;69,45;86,88;80,34;43,52;58,25;23,75
393;"S";"Shoretrooper";638,25;662,49;648,47;667,56;195,02;89,94;23,65;80,87;68;84,21;84,33;54,42;53,39;41,21
394;"N";"Shoretrooper";652,94;656,41;645,64;660,4;195,19;94,8;24,88;66,23;71,18;84,29;87,57;46,74;50,48;34,67
395;"N";"Shoretrooper";642,36;654,07;648,62;662,33;195,04;92,43;24,3;58,69;68,76;81,94;85,22;55,12;52,65;71,8
396;"N";"Shoretrooper";657,23;642,57;659,59;668,25;194,98;91;23,94;61,57;71,11;79,63;81,07;37,56;55,93;5,92
397;"N";"Shoretrooper";646,44;650,59;644,97;665,63;195,05;109,28;28,72;67,32;67,78;79,95;93,27;50,56;56,52;64,69
398;"S";"Shoretrooper";644,08;652,89;645,42;657,22;195,24;102,54;26,9;78,32;68,17;86,9;82,45;50,93;50,56;26,31
399;"N";"Shoretrooper";641,19;654,77;653,84;657,51;195,09;102,22;26,86;59,91;70,33;82,32;92,67;31,19;47,35;44,37
400;"N";"Shoretrooper";650,54;653,92;644,81;666,68;194,94;93,84;24,69;60,12;69,71;80,16;91,72;45,09;42,87;62,4
401;"N";"Spacetrooper";635,42;655,62;649,82;647,72;195,03;96,82;25,45;68,06;70,41;83,66;89,01;36,19;55,32;65,31
402;"N";"Spacetrooper";644,94;657,56;644,95;654,45;195,03;92,34;24,28;67,44;68,69;79,24;81,86;60,92;54,2;13,46
403;"S";"Spacetrooper";642,13;646,74;640,89;641,41;194,99;101,84;26,79;79,82;67,16;83,96;93,71;49,06;48,71;27,99
404;"S";"Spacetrooper";640,53;653,34;653,19;654,92;195,06;102,91;27,05;76,74;69,97;80,19;84,58;60,08;46,03;75,36
405;"S";"Spacetrooper";644,12;651,75;647,88;650,74;194,85;108,19;28,5;88,69;68,31;79,63;89,53;53,34;57,61;43,56
406;"N";"Spacetrooper";640,71;648;652,47;642,16;194,83;101,25;26,67;65,34;71;82,92;76,11;51,16;53,96;77,82
407;"S";"Spacetrooper";635,99;656,67;655,11;646,35;194,79;78,36;20,65;87,25;67,9;79,16;77,41;45,71;43,04;95,01
408;"N";"Spacetrooper";643,68;655,2;662,78;652,88;195,05;91,17;23,96;64,93;70,65;85,26;79,24;37,9;48,93;5,7
409;"N";"Spacetrooper";638,36;654,11;641,71;644,26;195,19;83,27;21,86;73,56;71,39;85,93;93,82;46,78;62,74;95,5
410;"N";"Spacetrooper";647,95;656,8;654,06;646,68;194,84;90,52;23,84;63,71;69,91;85,72;82,51;39,05;54,37;54,25
411;"N";"Spacetrooper";641,47;650,67;646,54;641,05;195,02;91,54;24,07;67,3;67,74;86,46;93,47;44,69;50,3;68,06
412;"S";"Spacetrooper";639,59;647,04;650,73;657,23;195,09;92,3;24,25;74,38;67,61;83,96;82,58;48,33;55,81;93,99
413;"S";"Spacetrooper";633,08;646,02;654,03;651,99;195,1;88,05;23,13;71,66;67,06;82,22;80,66;54,52;66,44;73,59
414;"N";"Spacetrooper";641,7;657,22;653,07;651,03;194,97;92,57;24,35;66,7;68,28;86,3;88,98;47,16;60,39;93,48
415;"N";"Spacetrooper";635,66;647,44;650,77;644,56;194,94;98,03;25,8;68,04;71,97;82,87;79,01;47,09;54,1;26,63
416;"N";"Spacetrooper";644,14;648,05;657,99;653,23;195,14;92,04;24,17;61,74;70,29;80,63;87,59;52,69;57,41;49,39
417;"N";"Spacetrooper";642,66;652,8;653,53;655,89;195,05;101,65;26,72;62,56;69,33;85,84;85,72;58,35;48,03;68,05
418;"N";"Spacetrooper";641,27;648,45;644,15;639,68;194,94;95,01;25;73,54;68,79;82,12;92,79;46,11;51,31;39,65
419;"S";"Spacetrooper";639,55;648,34;653,56;649,32;195,06;95,31;25,05;86,38;69,84;80,8;89,64;40,3;58,93;55,75
420;"S";"Spacetrooper";631,95;652,91;650,65;653,1;194,9;88,96;23,42;72,3;70,34;86,15;78,54;50,65;59,89;33,56
421;"S";"Spacetrooper";636,04;657,99;651,99;650,41;194,88;93,23;24,55;86,62;67,34;83,66;86,98;47,02;55,76;16,11
422;"S";"Spacetrooper";642,39;649,28;653,37;653,3;194,97;105,99;27,88;76,22;69,57;82,06;92,71;48,16;56,22;67,95
423;"N";"Spacetrooper";632,42;657,43;656,89;650,01;195,02;89,85;23,62;65,05;68,67;80,95;91,15;52,28;52,4;66,9
424;"S";"Spacetrooper";637,5;642,29;648,77;652;194,83;96,43;25,4;81,1;71,69;85,28;76,49;53,91;47,09;44,75
425;"N";"Spacetrooper";636,07;650,16;650,83;651,35;194,99;96,61;25,41;64,14;67,84;79,71;87,68;52,35;58,42;64,35
426;"S";"Spacetrooper";638,98;656,14;648,3;640,12;194,84;91,37;24,07;76,7;71,83;83,47;84,97;59,53;63,46;12,57
427;"S";"Spacetrooper";643,87;657,45;644,51;650,48;194,85;101,7;26,79;72,11;71,55;83,69;78,22;39,25;45,69;48,14
428;"S";"Spacetrooper";638,21;654,23;653,21;646,97;195,17;94,27;24,75;76,42;71,5;86,74;89,19;46,08;54,26;43,17
429;"S";"Spacetrooper";637,12;654,38;648,8;645,29;194,9;108,51;28,57;78,3;71,43;79,01;87,25;31,19;53,47;50,87
430;"N";"Spacetrooper";639,28;645,73;650,87;646,52;194,9;98,79;26,01;62,8;69,51;86,15;81;49,11;61,76;8,48
431;"S";"Spacetrooper";649,94;652,56;651,6;651,92;194,89;85,25;22,44;83,77;68,4;83,02;84,07;46,97;54,13;80,71
432;"S";"Spacetrooper";651,44;651,21;641,05;644,96;195;114,44;30,1;72,39;67,91;86,74;77,74;48,18;61,85;55,89
433;"N";"Spacetrooper";636,01;648,02;646,1;655,35;194,91;93,57;24,63;62,66;68,46;80,04;75,66;39,92;58,53;84,36
434;"N";"Spacetrooper";635,33;656,81;660,84;649,77;195,15;104,38;27,41;66,14;69,51;84,33;85,98;52,71;64,53;13,73
435;"N";"Spacetrooper";631,68;642,69;649,36;637,85;195,08;91,84;24,13;65,82;71,15;85,27;92,19;46,42;51,43;87,6
436;"N";"Spacetrooper";645,24;658,16;643,2;648,35;195,24;96,57;25,33;66,91;68,34;84,03;80,26;54,32;56,54;85,01
437;"N";"Spacetrooper";635,57;647,25;650,34;649,65;194,97;90,36;23,77;70,21;68,61;85,5;89,46;48,5;53,67;64,69
438;"S";"Spacetrooper";643,88;651,3;655,49;653,74;195,03;91,69;24,11;79,72;69,96;79,66;75,53;36,05;47,14;70,03
439;"N";"Spacetrooper";635,96;649,22;653,8;652,45;195,07;102,18;26,85;68,17;70,43;82,85;86,05;54,01;48,11;83,59
440;"S";"Spacetrooper";634,99;649,4;651,37;649,43;195,12;89,11;23,41;87,22;67,56;84,56;88,7;45,35;52,81;47,9
441;"S";"Spacetrooper";636,51;648,01;648,53;646,88;194,94;93,13;24,51;75,92;69,57;84,37;88,31;48,31;56,69;82,84
442;"N";"Spacetrooper";629,42;654,36;661,24;653,87;195,16;96,02;25,21;70,79;71,02;81,32;93,19;46,17;45,21;94,93
443;"S";"Spacetrooper";640,5;657,85;653,92;649,74;194,93;97,24;25,59;81,93;69,91;86,85;81,88;54,96;50,51;61,44
444;"S";"Spacetrooper";639,74;657,36;645,35;653,42;194,79;110,43;29,1;78,44;71,6;82,13;85,38;40,73;68,9;62,4
445;"S";"Spacetrooper";648,37;652,21;646,95;645,19;194,89;85,5;22,51;70,95;67,26;86,18;93,05;44,94;53,43;39,48
446;"S";"Spacetrooper";636,76;647,43;655,32;648,65;194,9;115,1;30,3;72,85;70,61;85,56;75,49;53,82;68,49;84,68
447;"S";"Spacetrooper";639,25;642,64;650,38;652,28;194,79;94,03;24,78;78,19;71,87;81,19;77,69;53,54;59,97;20,8
448;"S";"Spacetrooper";645,36;660,12;646,62;643,57;194,94;98,76;25,99;78,02;70,92;85,03;80,74;63,06;63,94;78,39
449;"S";"Spacetrooper";638,39;647,27;659,73;652,65;195,03;107,26;28,2;79,5;69,36;80,91;92,99;45,06;48,28;68,53
450;"N";"Spacetrooper";631,53;651,67;650,09;644,88;194,97;100,05;26,32;58,24;70,4;84,72;83,12;56,71;58,35;88,36
451;"N";"Spacetrooper";649,05;651,34;647,35;655,49;194,94;89,7;23,6;62,13;71,31;83,39;75,37;56,58;66,6;97,77
452;"N";"Spacetrooper";647,95;642,03;642,4;657,45;195,24;88,88;23,32;61,42;71,37;79,86;91,03;54,64;49;60,39
453;"N";"Spacetrooper";639,58;650,8;655,7;638,38;194,77;89,28;23,53;72,43;69,8;83,45;87,44;51,67;50,88;51,04
454;"S";"Spacetrooper";645,09;645,82;656,47;650,83;194,7;105,34;27,79;82,86;70,37;84,8;77,92;53,76;48,29;81,79
455;"S";"Spacetrooper";640,86;650,29;644,47;646,8;195,04;105,9;27,84;83,38;68,15;80,4;88,87;48,93;50,48;95,08
456;"S";"Spacetrooper";633,73;653,19;644,02;650,16;194,84;102,37;26,97;70,53;67,84;85,91;76,06;58,03;50,84;31,89
457;"N";"Spacetrooper";638,17;648,8;650,38;648,76;195,16;104,17;27,35;62,01;67,74;81,61;85,12;47,57;59,71;81,2
458;"S";"Spacetrooper";638,64;644,03;649,67;647,47;195,12;84,61;22,22;78,74;67,53;80,9;91,64;59,95;58,18;10,88
459;"S";"Spacetrooper";645,51;647,09;654,87;649,69;194,93;101,98;26,84;78,59;68,07;80,57;92,17;62,52;53,87;48,35
460;"N";"Spacetrooper";637;638,61;648,97;649,55;194,96;94,26;24,8;59,06;68,19;86,34;85,74;64,55;52,44;49,45
461;"N";"Spacetrooper";639,76;648,58;645,46;649,38;194,88;100,35;26,42;60,99;71,68;86,45;85,63;45,63;61,55;33,94
462;"S";"Spacetrooper";638,18;651,16;646,1;653,84;194,83;93,54;24,64;79,72;68,71;85,77;77,07;62,56;50,28;67,81
463;"S";"Spacetrooper";639,04;644,23;660,06;645,45;194,96;96,41;25,36;84,08;70,24;79,91;77,86;54,74;57,12;95,13
464;"N";"Spacetrooper";634,73;654,4;652,47;653,85;194,91;101,19;26,64;73,55;69,82;80,32;82,02;52,85;64,49;55,55
465;"S";"Spacetrooper";629,45;654,22;644,77;659,78;195,17;108,34;28,44;75,97;71,89;79,49;78,57;38,21;46,28;45,94
466;"S";"Spacetrooper";639,58;644,67;652,96;650,27;195,09;83,06;21,82;88,81;68,52;80,57;92,36;48,59;52,97;87,19
467;"S";"Spacetrooper";643,28;666,54;643,49;647,91;195,02;87,56;23,02;80,12;67,12;80,75;76,66;46,26;65,51;21,23
468;"S";"Spacetrooper";642,78;650,07;656,22;644,15;195,21;96,51;25,33;73,51;70,91;84,02;77,48;62,29;53,73;63,82
469;"N";"Spacetrooper";638,88;658,17;647,05;656,36;195,21;97,85;25,68;73,2;71,67;81,05;90,28;48,46;51,22;74,08
470;"N";"Spacetrooper";641,12;653,63;660,46;659,97;194,76;91,85;24,21;67,27;67,03;80,96;91,76;44,29;56,36;62,97
471;"S";"Spacetrooper";634,54;650,25;649,57;649,88;195,02;100,53;26,43;81,97;71,59;85,74;93,15;53,74;52,44;55,75
472;"S";"Spacetrooper";635,64;652,24;646,16;655,74;194,85;104,98;27,65;81,04;70,84;81,28;75,53;50,94;53,06;6,49
473;"S";"Spacetrooper";646,74;649,17;648,38;647,31;195,07;100,62;26,44;73,51;70,73;81,34;81,43;53,18;60,83;97,3
474;"S";"Spacetrooper";633,73;645,35;648,73;659,69;195;100,19;26,35;67,74;67,5;85,54;78,12;31,61;42;52,77
475;"N";"Spacetrooper";641,12;642,8;648,39;659,97;195,24;107,88;28,3;69,66;67,6;80,82;88,75;40,26;55,64;53,77
476;"S";"Spacetrooper";642,03;642,71;652,98;652,22;195;92,8;24,4;76,21;67,63;79;89,23;61,53;51,33;66,79
477;"N";"Spacetrooper";648,63;654,96;654,21;657,3;194,99;105,21;27,67;59,54;67,27;84,29;76,25;43,68;62,14;19,56
478;"N";"Spacetrooper";645,31;649,57;640,22;658,55;195,12;94,08;24,71;67,42;67,35;83,35;80,88;50,04;66,49;95,4
479;"N";"Spacetrooper";634,23;646,37;662,91;655,49;195,05;89,42;23,5;58,97;69,53;79,88;76,61;39,32;50,77;72,24
480;"N";"Spacetrooper";639,05;651,23;652,26;643,58;195,16;103,77;27,25;58,18;71,64;84,35;75;44,69;53,32;27,32
481;"S";"Spacetrooper";650,2;648,77;645,27;656,93;195,1;98,17;25,79;81,95;70,27;85,98;76,95;62,16;50,84;35,43
482;"S";"Spacetrooper";649,87;650,46;642,75;652,92;194,9;97,03;25,54;85,24;68,33;83,39;86,35;46,14;53,72;38,59
483;"S";"Spacetrooper";633,03;655;651,03;644,8;195,19;102,22;26,83;78,93;70,75;82,3;93,7;54,11;56,48;22,85
484;"N";"Spacetrooper";640,73;653,7;638;652,88;194,99;95,4;25,09;60,48;69,33;79,68;86,17;37,77;58,82;90,93
485;"N";"Spacetrooper";638,76;652,55;641,55;652,37;194,86;94,64;24,92;71,31;69;83,57;85,06;58,53;48,63;24,38
486;"S";"Spacetrooper";645,03;651,79;653,72;643,35;194,9;104,42;27,49;86,35;70,51;85,12;80,27;43,81;58,67;56,4
487;"S";"Spacetrooper";636,15;646,78;649,22;644,42;195,01;110,35;29,02;85,27;71,67;84,04;91,1;49,9;60,78;14,52
488;"N";"Spacetrooper";636,44;641,95;651,33;648,78;194,94;83,81;22,05;65,2;69,13;84,16;89,03;53,28;63,46;95,27
489;"N";"Spacetrooper";644,36;658,33;649,57;649,23;195,03;96,18;25,29;64,37;69,42;84,26;85,2;53,65;61,21;96,38
490;"S";"Spacetrooper";635,05;641,65;655,01;647,42;195,06;105,95;27,85;82,76;68,08;79,72;78,63;46,34;54,53;75,16
491;"N";"Spacetrooper";634,31;650,66;659,98;655,74;194,87;101,94;26,84;68,33;67,68;80,84;81,49;46,9;54,83;95,73
492;"N";"Spacetrooper";639,54;645,15;646,95;652,93;195,22;97,73;25,64;66,19;69,45;86,88;80,34;43,52;58,25;23,75
493;"S";"Spacetrooper";639,24;660,58;656,21;648,42;195,02;89,94;23,65;80,87;68;84,21;84,33;54,42;53,39;41,21
494;"N";"Spacetrooper";642,35;655,2;641,09;655,72;195,19;94,8;24,88;66,23;71,18;84,29;87,57;46,74;50,48;34,67
495;"N";"Spacetrooper";639,61;654,52;648,19;641,95;195,04;92,43;24,3;58,69;68,76;81,94;85,22;55,12;52,65;71,8
496;"N";"Spacetrooper";645,21;648,88;649,69;653,67;194,98;91;23,94;61,57;71,11;79,63;81,07;37,56;55,93;5,92
497;"N";"Spacetrooper";644,86;647,17;648,01;654,12;195,05;109,28;28,72;67,32;67,78;79,95;93,27;50,56;56,52;64,69
498;"S";"Spacetrooper";645,45;658,15;651,4;652,88;195,24;102,54;26,9;78,32;68,17;86,9;82,45;50,93;50,56;26,31
499;"N";"Spacetrooper";638,04;653,8;648,74;656,2;195,09;102,22;26,86;59,91;70,33;82,32;92,67;31,19;47,35;44,37
500;"N";"Spacetrooper";643,94;642,13;649,7;653,88;194,94;93,84;24,69;60,12;69,71;80,16;91,72;45,09;42,87;62,4
501;"N";"Sandtrooper";649,07;649,47;655,38;659,06;195,03;96,82;25,45;68,06;70,41;83,66;89,01;36,19;55,32;65,31
502;"N";"Sandtrooper";652,22;641,95;657,93;645,62;195,03;92,34;24,28;67,44;68,69;79,24;81,86;60,92;54,2;13,46
503;"S";"Sandtrooper";644,11;635,27;654,99;651,46;194,99;101,84;26,79;79,82;67,16;83,96;93,71;49,06;48,71;27,99
504;"S";"Sandtrooper";644,6;643,79;649,7;656,78;195,06;102,91;27,05;76,74;69,97;80,19;84,58;60,08;46,03;75,36
505;"S";"Sandtrooper";644,65;646,6;646,77;656,33;194,85;108,19;28,5;88,69;68,31;79,63;89,53;53,34;57,61;43,56
506;"N";"Sandtrooper";651,85;643,85;645,46;648,01;194,83;101,25;26,67;65,34;71;82,92;76,11;51,16;53,96;77,82
507;"S";"Sandtrooper";652,44;632,12;657,11;646,37;194,79;78,36;20,65;87,25;67,9;79,16;77,41;45,71;43,04;95,01
508;"N";"Sandtrooper";652,17;648,88;648,95;649,65;195,05;91,17;23,96;64,93;70,65;85,26;79,24;37,9;48,93;5,7
509;"N";"Sandtrooper";649,27;646,28;649,87;657,99;195,19;83,27;21,86;73,56;71,39;85,93;93,82;46,78;62,74;95,5
510;"N";"Sandtrooper";641,95;636,22;643,57;658,53;194,84;90,52;23,84;63,71;69,91;85,72;82,51;39,05;54,37;54,25
511;"N";"Sandtrooper";645,79;639,34;649,7;658,12;195,02;91,54;24,07;67,3;67,74;86,46;93,47;44,69;50,3;68,06
512;"S";"Sandtrooper";649,01;646,47;646,63;642,42;195,09;92,3;24,25;74,38;67,61;83,96;82,58;48,33;55,81;93,99
513;"S";"Sandtrooper";653,05;635,89;643,16;653,34;195,1;88,05;23,13;71,66;67,06;82,22;80,66;54,52;66,44;73,59
514;"N";"Sandtrooper";651,76;636,08;654,2;645,69;194,97;92,57;24,35;66,7;68,28;86,3;88,98;47,16;60,39;93,48
515;"N";"Sandtrooper";645,64;640;647,56;651,69;194,94;98,03;25,8;68,04;71,97;82,87;79,01;47,09;54,1;26,63
516;"N";"Sandtrooper";643,67;643,86;642,43;655,3;195,14;92,04;24,17;61,74;70,29;80,63;87,59;52,69;57,41;49,39
517;"N";"Sandtrooper";646,72;638,31;646,45;647,17;195,05;101,65;26,72;62,56;69,33;85,84;85,72;58,35;48,03;68,05
518;"N";"Sandtrooper";643,52;638,29;648,16;646,47;194,94;95,01;25;73,54;68,79;82,12;92,79;46,11;51,31;39,65
519;"S";"Sandtrooper";650,41;644,67;649,72;655,57;195,06;95,31;25,05;86,38;69,84;80,8;89,64;40,3;58,93;55,75
520;"S";"Sandtrooper";651,68;640,83;649,02;640,89;194,9;88,96;23,42;72,3;70,34;86,15;78,54;50,65;59,89;33,56
521;"S";"Sandtrooper";660,01;634,81;654,14;642,26;194,88;93,23;24,55;86,62;67,34;83,66;86,98;47,02;55,76;16,11
522;"S";"Sandtrooper";644,99;644,65;654,66;647,69;194,97;105,99;27,88;76,22;69,57;82,06;92,71;48,16;56,22;67,95
523;"N";"Sandtrooper";653,59;639,73;651,39;649,5;195,02;89,85;23,62;65,05;68,67;80,95;91,15;52,28;52,4;66,9
524;"S";"Sandtrooper";652,52;641,28;641,36;654,99;194,83;96,43;25,4;81,1;71,69;85,28;76,49;53,91;47,09;44,75
525;"N";"Sandtrooper";658,78;649,97;648,49;644,13;194,99;96,61;25,41;64,14;67,84;79,71;87,68;52,35;58,42;64,35
526;"S";"Sandtrooper";657,03;646,57;657,31;649,1;194,84;91,37;24,07;76,7;71,83;83,47;84,97;59,53;63,46;12,57
527;"S";"Sandtrooper";648,48;634,22;650,71;646,36;194,85;101,7;26,79;72,11;71,55;83,69;78,22;39,25;45,69;48,14
528;"S";"Sandtrooper";648,9;631,03;652,49;649,74;195,17;94,27;24,75;76,42;71,5;86,74;89,19;46,08;54,26;43,17
529;"S";"Sandtrooper";651,46;628,29;645,87;647,72;194,9;108,51;28,57;78,3;71,43;79,01;87,25;31,19;53,47;50,87
530;"N";"Sandtrooper";651,67;635,23;653,67;654,16;194,9;98,79;26,01;62,8;69,51;86,15;81;49,11;61,76;8,48
531;"S";"Sandtrooper";647,91;642,3;650,87;650,19;194,89;85,25;22,44;83,77;68,4;83,02;84,07;46,97;54,13;80,71
532;"S";"Sandtrooper";642,43;634,49;656,82;653,08;195;114,44;30,1;72,39;67,91;86,74;77,74;48,18;61,85;55,89
533;"N";"Sandtrooper";635,86;636,09;648,36;650,31;194,91;93,57;24,63;62,66;68,46;80,04;75,66;39,92;58,53;84,36
534;"N";"Sandtrooper";658,23;641,79;641,41;648,96;195,15;104,38;27,41;66,14;69,51;84,33;85,98;52,71;64,53;13,73
535;"N";"Sandtrooper";654,48;642,21;659,48;654,63;195,08;91,84;24,13;65,82;71,15;85,27;92,19;46,42;51,43;87,6
536;"N";"Sandtrooper";651,47;640,23;652,8;655,54;195,24;96,57;25,33;66,91;68,34;84,03;80,26;54,32;56,54;85,01
537;"N";"Sandtrooper";651,56;631,02;649,02;649,93;194,97;90,36;23,77;70,21;68,61;85,5;89,46;48,5;53,67;64,69
538;"S";"Sandtrooper";650,47;644,79;647,94;648,75;195,03;91,69;24,11;79,72;69,96;79,66;75,53;36,05;47,14;70,03
539;"N";"Sandtrooper";641,86;638,63;650;649,87;195,07;102,18;26,85;68,17;70,43;82,85;86,05;54,01;48,11;83,59
540;"S";"Sandtrooper";650,56;642,09;644,68;645,77;195,12;89,11;23,41;87,22;67,56;84,56;88,7;45,35;52,81;47,9
541;"S";"Sandtrooper";650,1;647,18;651,75;650,84;194,94;93,13;24,51;75,92;69,57;84,37;88,31;48,31;56,69;82,84
542;"N";"Sandtrooper";655,34;644,58;656,24;652,33;195,16;96,02;25,21;70,79;71,02;81,32;93,19;46,17;45,21;94,93
543;"S";"Sandtrooper";646,57;647,21;650,34;652,23;194,93;97,24;25,59;81,93;69,91;86,85;81,88;54,96;50,51;61,44
544;"S";"Sandtrooper";645,75;638,31;650,87;652,68;194,79;110,43;29,1;78,44;71,6;82,13;85,38;40,73;68,9;62,4
545;"S";"Sandtrooper";647,68;640,92;651,8;642,09;194,89;85,5;22,51;70,95;67,26;86,18;93,05;44,94;53,43;39,48
546;"S";"Sandtrooper";648,3;643,17;646,02;653,64;194,9;115,1;30,3;72,85;70,61;85,56;75,49;53,82;68,49;84,68
547;"S";"Sandtrooper";643,73;644,99;652,9;649,71;194,79;94,03;24,78;78,19;71,87;81,19;77,69;53,54;59,97;20,8
548;"S";"Sandtrooper";646,87;634,69;650,73;657,23;194,94;98,76;25,99;78,02;70,92;85,03;80,74;63,06;63,94;78,39
549;"S";"Sandtrooper";646,44;639,88;645,25;650,08;195,03;107,26;28,2;79,5;69,36;80,91;92,99;45,06;48,28;68,53
550;"N";"Sandtrooper";649,4;649,14;650,97;654,28;194,97;100,05;26,32;58,24;70,4;84,72;83,12;56,71;58,35;88,36
551;"N";"Sandtrooper";653,28;640,51;652,83;652,03;194,94;89,7;23,6;62,13;71,31;83,39;75,37;56,58;66,6;97,77
552;"N";"Sandtrooper";645,38;646;645,34;653,89;195,24;88,88;23,32;61,42;71,37;79,86;91,03;54,64;49;60,39
553;"N";"Sandtrooper";650,87;634,83;638,15;653,49;194,77;89,28;23,53;72,43;69,8;83,45;87,44;51,67;50,88;51,04
554;"S";"Sandtrooper";660,46;641,29;644,57;649,6;194,7;105,34;27,79;82,86;70,37;84,8;77,92;53,76;48,29;81,79
555;"S";"Sandtrooper";652,43;646,09;657,25;653,41;195,04;105,9;27,84;83,38;68,15;80,4;88,87;48,93;50,48;95,08
556;"S";"Sandtrooper";645,77;637,99;649,39;656,43;194,84;102,37;26,97;70,53;67,84;85,91;76,06;58,03;50,84;31,89
557;"N";"Sandtrooper";653,11;639,66;637,93;649,93;195,16;104,17;27,35;62,01;67,74;81,61;85,12;47,57;59,71;81,2
558;"S";"Sandtrooper";647,69;642,67;654,92;646,12;195,12;84,61;22,22;78,74;67,53;80,9;91,64;59,95;58,18;10,88
559;"S";"Sandtrooper";654,41;641,91;652,03;645,09;194,93;101,98;26,84;78,59;68,07;80,57;92,17;62,52;53,87;48,35
560;"N";"Sandtrooper";656,21;639,18;643,94;656,21;194,96;94,26;24,8;59,06;68,19;86,34;85,74;64,55;52,44;49,45
561;"N";"Sandtrooper";640,4;634,93;648;639,16;194,88;100,35;26,42;60,99;71,68;86,45;85,63;45,63;61,55;33,94
562;"S";"Sandtrooper";643,12;633,11;644,14;653,91;194,83;93,54;24,64;79,72;68,71;85,77;77,07;62,56;50,28;67,81
563;"S";"Sandtrooper";643,42;643,28;643,06;640,59;194,96;96,41;25,36;84,08;70,24;79,91;77,86;54,74;57,12;95,13
564;"N";"Sandtrooper";654,27;638,68;647,19;644,88;194,91;101,19;26,64;73,55;69,82;80,32;82,02;52,85;64,49;55,55
565;"S";"Sandtrooper";654,46;638,71;653,9;649,24;195,17;108,34;28,44;75,97;71,89;79,49;78,57;38,21;46,28;45,94
566;"S";"Sandtrooper";646,67;639,83;637,69;639,08;195,09;83,06;21,82;88,81;68,52;80,57;92,36;48,59;52,97;87,19
567;"S";"Sandtrooper";646,51;640,19;648,78;645,15;195,02;87,56;23,02;80,12;67,12;80,75;76,66;46,26;65,51;21,23
568;"S";"Sandtrooper";651,41;631,87;652,44;651,16;195,21;96,51;25,33;73,51;70,91;84,02;77,48;62,29;53,73;63,82
569;"N";"Sandtrooper";654,34;646,69;652,19;645,74;195,21;97,85;25,68;73,2;71,67;81,05;90,28;48,46;51,22;74,08
570;"N";"Sandtrooper";642,01;642,53;654,15;650,61;194,76;91,85;24,21;67,27;67,03;80,96;91,76;44,29;56,36;62,97
571;"S";"Sandtrooper";643,82;640,48;649,1;650,44;195,02;100,53;26,43;81,97;71,59;85,74;93,15;53,74;52,44;55,75
572;"S";"Sandtrooper";646,62;632,81;643,6;643,12;194,85;104,98;27,65;81,04;70,84;81,28;75,53;50,94;53,06;6,49
573;"S";"Sandtrooper";645,63;638,48;645,64;645,11;195,07;100,62;26,44;73,51;70,73;81,34;81,43;53,18;60,83;97,3
574;"S";"Sandtrooper";655,91;643,33;648,42;649,37;195;100,19;26,35;67,74;67,5;85,54;78,12;31,61;42;52,77
575;"N";"Sandtrooper";642,32;640,16;653,44;652,26;195,24;107,88;28,3;69,66;67,6;80,82;88,75;40,26;55,64;53,77
576;"S";"Sandtrooper";651,53;626,1;648,2;655,1;195;92,8;24,4;76,21;67,63;79;89,23;61,53;51,33;66,79
577;"N";"Sandtrooper";656,45;639,88;642,91;650,7;194,99;105,21;27,67;59,54;67,27;84,29;76,25;43,68;62,14;19,56
578;"N";"Sandtrooper";657,44;633,82;645,62;652,76;195,12;94,08;24,71;67,42;67,35;83,35;80,88;50,04;66,49;95,4
579;"N";"Sandtrooper";656,5;641,75;644,54;656;195,05;89,42;23,5;58,97;69,53;79,88;76,61;39,32;50,77;72,24
580;"N";"Sandtrooper";644,74;641,91;649,12;654,84;195,16;103,77;27,25;58,18;71,64;84,35;75;44,69;53,32;27,32
581;"S";"Sandtrooper";647,97;630,88;642,34;649,13;195,1;98,17;25,79;81,95;70,27;85,98;76,95;62,16;50,84;35,43
582;"S";"Sandtrooper";648,72;633,86;646,89;643,51;194,9;97,03;25,54;85,24;68,33;83,39;86,35;46,14;53,72;38,59
583;"S";"Sandtrooper";650;642,91;649,47;652,83;195,19;102,22;26,83;78,93;70,75;82,3;93,7;54,11;56,48;22,85
584;"N";"Sandtrooper";651,84;633,34;647,56;645,78;194,99;95,4;25,09;60,48;69,33;79,68;86,17;37,77;58,82;90,93
585;"N";"Sandtrooper";652,27;641,65;648,47;649,73;194,86;94,64;24,92;71,31;69;83,57;85,06;58,53;48,63;24,38
586;"S";"Sandtrooper";654,43;643,9;659,25;638,92;194,9;104,42;27,49;86,35;70,51;85,12;80,27;43,81;58,67;56,4
587;"S";"Sandtrooper";648,06;642,33;657,64;642,81;195,01;110,35;29,02;85,27;71,67;84,04;91,1;49,9;60,78;14,52
588;"N";"Sandtrooper";656,56;647,08;647,91;645,55;194,94;83,81;22,05;65,2;69,13;84,16;89,03;53,28;63,46;95,27
589;"N";"Sandtrooper";653,65;642,51;644,76;654,19;195,03;96,18;25,29;64,37;69,42;84,26;85,2;53,65;61,21;96,38
590;"S";"Sandtrooper";644,65;638,38;647,97;663,08;195,06;105,95;27,85;82,76;68,08;79,72;78,63;46,34;54,53;75,16
591;"N";"Sandtrooper";650,76;646,06;656,34;652,75;194,87;101,94;26,84;68,33;67,68;80,84;81,49;46,9;54,83;95,73
592;"N";"Sandtrooper";645,51;643,6;645,58;639,24;195,22;97,73;25,64;66,19;69,45;86,88;80,34;43,52;58,25;23,75
593;"S";"Sandtrooper";650,93;645,53;648,1;653,46;195,02;89,94;23,65;80,87;68;84,21;84,33;54,42;53,39;41,21
594;"N";"Sandtrooper";651,87;638,62;648,08;653,37;195,19;94,8;24,88;66,23;71,18;84,29;87,57;46,74;50,48;34,67
595;"N";"Sandtrooper";652,94;636,86;650,95;649,69;195,04;92,43;24,3;58,69;68,76;81,94;85,22;55,12;52,65;71,8
596;"N";"Sandtrooper";646,48;634,74;649,12;646,55;194,98;91;23,94;61,57;71,11;79,63;81,07;37,56;55,93;5,92
597;"N";"Sandtrooper";648,67;634,46;654,06;653,82;195,05;109,28;28,72;67,32;67,78;79,95;93,27;50,56;56,52;64,69
598;"S";"Sandtrooper";641,26;644,34;654,34;645,37;195,24;102,54;26,9;78,32;68,17;86,9;82,45;50,93;50,56;26,31
599;"N";"Sandtrooper";654,3;629,95;654,45;641,65;195,09;102,22;26,86;59,91;70,33;82,32;92,67;31,19;47,35;44,37
600;"N";"Sandtrooper";635,12;637,5;649,5;654,07;194,94;93,84;24,69;60,12;69,71;80,16;91,72;45,09;42,87;62,4
601;"N";"Flametrooper";653,91;654,32;642,6;647,37;195,03;96,82;25,45;68,06;70,41;83,66;89,01;36,19;55,32;65,31
602;"N";"Flametrooper";652,54;650,67;648;648,28;195,03;92,34;24,28;67,44;68,69;79,24;81,86;60,92;54,2;13,46
603;"S";"Flametrooper";649,25;655,29;639,67;654,59;194,99;101,84;26,79;79,82;67,16;83,96;93,71;49,06;48,71;27,99
604;"S";"Flametrooper";658,47;657,79;642,74;647,36;195,06;102,91;27,05;76,74;69,97;80,19;84,58;60,08;46,03;75,36
605;"S";"Flametrooper";646,47;657,08;632,08;656,59;194,85;108,19;28,5;88,69;68,31;79,63;89,53;53,34;57,61;43,56
606;"N";"Flametrooper";645,97;638,55;646,84;648,09;194,83;101,25;26,67;65,34;71;82,92;76,11;51,16;53,96;77,82
607;"S";"Flametrooper";646,67;656,18;639,66;646,91;194,79;78,36;20,65;87,25;67,9;79,16;77,41;45,71;43,04;95,01
608;"N";"Flametrooper";646,8;650,33;643,24;647,61;195,05;91,17;23,96;64,93;70,65;85,26;79,24;37,9;48,93;5,7
609;"N";"Flametrooper";651,62;659,47;634,81;646,07;195,19;83,27;21,86;73,56;71,39;85,93;93,82;46,78;62,74;95,5
610;"N";"Flametrooper";651,14;655,3;634,09;655,69;194,84;90,52;23,84;63,71;69,91;85,72;82,51;39,05;54,37;54,25
611;"N";"Flametrooper";647,97;645,16;639,46;642,02;195,02;91,54;24,07;67,3;67,74;86,46;93,47;44,69;50,3;68,06
612;"S";"Flametrooper";640,41;648,48;645,55;654,66;195,09;92,3;24,25;74,38;67,61;83,96;82,58;48,33;55,81;93,99
613;"S";"Flametrooper";653,46;654,51;650,87;647,88;195,1;88,05;23,13;71,66;67,06;82,22;80,66;54,52;66,44;73,59
614;"N";"Flametrooper";646,56;647,23;640,56;651,92;194,97;92,57;24,35;66,7;68,28;86,3;88,98;47,16;60,39;93,48
615;"N";"Flametrooper";649,8;650,67;639,95;650,86;194,94;98,03;25,8;68,04;71,97;82,87;79,01;47,09;54,1;26,63
616;"N";"Flametrooper";647,39;645,56;637,5;651,3;195,14;92,04;24,17;61,74;70,29;80,63;87,59;52,69;57,41;49,39
617;"N";"Flametrooper";655,62;647,96;634,31;648,92;195,05;101,65;26,72;62,56;69,33;85,84;85,72;58,35;48,03;68,05
618;"N";"Flametrooper";655,35;652,16;645,35;654;194,94;95,01;25;73,54;68,79;82,12;92,79;46,11;51,31;39,65
619;"S";"Flametrooper";653,75;651,13;639,72;655,25;195,06;95,31;25,05;86,38;69,84;80,8;89,64;40,3;58,93;55,75
620;"S";"Flametrooper";646,71;652,23;642,31;649,42;194,9;88,96;23,42;72,3;70,34;86,15;78,54;50,65;59,89;33,56
621;"S";"Flametrooper";644,1;649,04;649,37;651,84;194,88;93,23;24,55;86,62;67,34;83,66;86,98;47,02;55,76;16,11
622;"S";"Flametrooper";643,91;648,03;648,11;656,47;194,97;105,99;27,88;76,22;69,57;82,06;92,71;48,16;56,22;67,95
623;"N";"Flametrooper";654,4;651,24;638,86;646,36;195,02;89,85;23,62;65,05;68,67;80,95;91,15;52,28;52,4;66,9
624;"S";"Flametrooper";658,08;642,43;644,29;645,93;194,83;96,43;25,4;81,1;71,69;85,28;76,49;53,91;47,09;44,75
625;"N";"Flametrooper";640,92;643,81;635,97;652,71;194,99;96,61;25,41;64,14;67,84;79,71;87,68;52,35;58,42;64,35
626;"S";"Flametrooper";651,8;657,78;638,23;653,84;194,84;91,37;24,07;76,7;71,83;83,47;84,97;59,53;63,46;12,57
627;"S";"Flametrooper";653,73;652,41;636,87;647,14;194,85;101,7;26,79;72,11;71,55;83,69;78,22;39,25;45,69;48,14
628;"S";"Flametrooper";646,52;648,78;638,56;657,27;195,17;94,27;24,75;76,42;71,5;86,74;89,19;46,08;54,26;43,17
629;"S";"Flametrooper";652,92;645,57;642,95;648,55;194,9;108,51;28,57;78,3;71,43;79,01;87,25;31,19;53,47;50,87
630;"N";"Flametrooper";646,89;656,58;632,73;638,34;194,9;98,79;26,01;62,8;69,51;86,15;81;49,11;61,76;8,48
631;"S";"Flametrooper";640,71;646,87;649,3;654,28;194,89;85,25;22,44;83,77;68,4;83,02;84,07;46,97;54,13;80,71
632;"S";"Flametrooper";646,62;647,67;644,63;649,94;195;114,44;30,1;72,39;67,91;86,74;77,74;48,18;61,85;55,89
633;"N";"Flametrooper";646,27;649,9;653,65;652,15;194,91;93,57;24,63;62,66;68,46;80,04;75,66;39,92;58,53;84,36
634;"N";"Flametrooper";652,98;654,13;642,71;650,79;195,15;104,38;27,41;66,14;69,51;84,33;85,98;52,71;64,53;13,73
635;"N";"Flametrooper";661,46;656,39;648,16;654,56;195,08;91,84;24,13;65,82;71,15;85,27;92,19;46,42;51,43;87,6
636;"N";"Flametrooper";657,21;645,99;645,77;647,5;195,24;96,57;25,33;66,91;68,34;84,03;80,26;54,32;56,54;85,01
637;"N";"Flametrooper";651,02;654,16;640,46;653,67;194,97;90,36;23,77;70,21;68,61;85,5;89,46;48,5;53,67;64,69
638;"S";"Flametrooper";650,29;644,36;643,91;646,25;195,03;91,69;24,11;79,72;69,96;79,66;75,53;36,05;47,14;70,03
639;"N";"Flametrooper";640,46;649,6;643,13;645,8;195,07;102,18;26,85;68,17;70,43;82,85;86,05;54,01;48,11;83,59
640;"S";"Flametrooper";648,88;646,81;644,61;651,11;195,12;89,11;23,41;87,22;67,56;84,56;88,7;45,35;52,81;47,9
641;"S";"Flametrooper";654,99;655,02;637,99;654,96;194,94;93,13;24,51;75,92;69,57;84,37;88,31;48,31;56,69;82,84
642;"N";"Flametrooper";642,76;655,21;634,42;648,68;195,16;96,02;25,21;70,79;71,02;81,32;93,19;46,17;45,21;94,93
643;"S";"Flametrooper";648,75;654,04;632,88;649,23;194,93;97,24;25,59;81,93;69,91;86,85;81,88;54,96;50,51;61,44
644;"S";"Flametrooper";652,41;654,85;641,61;650,58;194,79;110,43;29,1;78,44;71,6;82,13;85,38;40,73;68,9;62,4
645;"S";"Flametrooper";645,19;648,4;641,35;645,24;194,89;85,5;22,51;70,95;67,26;86,18;93,05;44,94;53,43;39,48
646;"S";"Flametrooper";649,08;654,3;644,11;648,91;194,9;115,1;30,3;72,85;70,61;85,56;75,49;53,82;68,49;84,68
647;"S";"Flametrooper";649,71;651,42;638,11;641,05;194,79;94,03;24,78;78,19;71,87;81,19;77,69;53,54;59,97;20,8
648;"S";"Flametrooper";652,93;647,55;631,42;651,63;194,94;98,76;25,99;78,02;70,92;85,03;80,74;63,06;63,94;78,39
649;"S";"Flametrooper";638,35;652,71;630,81;651,67;195,03;107,26;28,2;79,5;69,36;80,91;92,99;45,06;48,28;68,53
650;"N";"Flametrooper";641,28;646,46;639,21;648,46;194,97;100,05;26,32;58,24;70,4;84,72;83,12;56,71;58,35;88,36
651;"N";"Flametrooper";649,53;645,44;635,66;646,46;194,94;89,7;23,6;62,13;71,31;83,39;75,37;56,58;66,6;97,77
652;"N";"Flametrooper";647,54;646,6;641,09;647,65;195,24;88,88;23,32;61,42;71,37;79,86;91,03;54,64;49;60,39
653;"N";"Flametrooper";645,45;652,88;643,14;654,72;194,77;89,28;23,53;72,43;69,8;83,45;87,44;51,67;50,88;51,04
654;"S";"Flametrooper";650,16;656,34;640,35;649,53;194,7;105,34;27,79;82,86;70,37;84,8;77,92;53,76;48,29;81,79
655;"S";"Flametrooper";643,04;653,81;641,99;652,33;195,04;105,9;27,84;83,38;68,15;80,4;88,87;48,93;50,48;95,08
656;"S";"Flametrooper";653,66;648,81;641,32;646,91;194,84;102,37;26,97;70,53;67,84;85,91;76,06;58,03;50,84;31,89
657;"N";"Flametrooper";656,82;651,03;650,01;657,69;195,16;104,17;27,35;62,01;67,74;81,61;85,12;47,57;59,71;81,2
658;"S";"Flametrooper";650,97;646,16;651,17;648,97;195,12;84,61;22,22;78,74;67,53;80,9;91,64;59,95;58,18;10,88
659;"S";"Flametrooper";651,67;643,66;644,42;656,09;194,93;101,98;26,84;78,59;68,07;80,57;92,17;62,52;53,87;48,35
660;"N";"Flametrooper";645,49;653,38;644,47;650,08;194,96;94,26;24,8;59,06;68,19;86,34;85,74;64,55;52,44;49,45
661;"N";"Flametrooper";652,6;650,52;631,7;651,39;194,88;100,35;26,42;60,99;71,68;86,45;85,63;45,63;61,55;33,94
662;"S";"Flametrooper";651,13;650,13;636,98;650,9;194,83;93,54;24,64;79,72;68,71;85,77;77,07;62,56;50,28;67,81
663;"S";"Flametrooper";650,76;645,89;630,45;653,42;194,96;96,41;25,36;84,08;70,24;79,91;77,86;54,74;57,12;95,13
664;"N";"Flametrooper";650,97;650,84;637,63;649,36;194,91;101,19;26,64;73,55;69,82;80,32;82,02;52,85;64,49;55,55
665;"S";"Flametrooper";650,61;652,7;647,23;659,91;195,17;108,34;28,44;75,97;71,89;79,49;78,57;38,21;46,28;45,94
666;"S";"Flametrooper";650,3;649,3;630,52;649,09;195,09;83,06;21,82;88,81;68,52;80,57;92,36;48,59;52,97;87,19
667;"S";"Flametrooper";651,11;649,07;634,16;652,36;195,02;87,56;23,02;80,12;67,12;80,75;76,66;46,26;65,51;21,23
668;"S";"Flametrooper";653,86;650,3;635,09;654,93;195,21;96,51;25,33;73,51;70,91;84,02;77,48;62,29;53,73;63,82
669;"N";"Flametrooper";651,24;651,77;640,4;651,83;195,21;97,85;25,68;73,2;71,67;81,05;90,28;48,46;51,22;74,08
670;"N";"Flametrooper";651,29;647,16;630,25;653,22;194,76;91,85;24,21;67,27;67,03;80,96;91,76;44,29;56,36;62,97
671;"S";"Flametrooper";651,46;653,41;646,02;646,76;195,02;100,53;26,43;81,97;71,59;85,74;93,15;53,74;52,44;55,75
672;"S";"Flametrooper";651,66;647,78;653,04;654,69;194,85;104,98;27,65;81,04;70,84;81,28;75,53;50,94;53,06;6,49
673;"S";"Flametrooper";647,75;654,39;638,58;652,88;195,07;100,62;26,44;73,51;70,73;81,34;81,43;53,18;60,83;97,3
674;"S";"Flametrooper";650,14;652,34;636,02;652,49;195;100,19;26,35;67,74;67,5;85,54;78,12;31,61;42;52,77
675;"N";"Flametrooper";651,81;650,28;647,24;655,03;195,24;107,88;28,3;69,66;67,6;80,82;88,75;40,26;55,64;53,77
676;"S";"Flametrooper";643,65;644,82;632,2;654,43;195;92,8;24,4;76,21;67,63;79;89,23;61,53;51,33;66,79
677;"N";"Flametrooper";649,06;648,05;638,41;647,26;194,99;105,21;27,67;59,54;67,27;84,29;76,25;43,68;62,14;19,56
678;"N";"Flametrooper";648,27;650,95;635,42;649,54;195,12;94,08;24,71;67,42;67,35;83,35;80,88;50,04;66,49;95,4
679;"N";"Flametrooper";652,06;647,79;644,25;646,01;195,05;89,42;23,5;58,97;69,53;79,88;76,61;39,32;50,77;72,24
680;"N";"Flametrooper";658,13;649,2;637,85;653,46;195,16;103,77;27,25;58,18;71,64;84,35;75;44,69;53,32;27,32
681;"S";"Flametrooper";650,74;647,2;641,4;650,3;195,1;98,17;25,79;81,95;70,27;85,98;76,95;62,16;50,84;35,43
682;"S";"Flametrooper";649,25;655,49;639,88;657,7;194,9;97,03;25,54;85,24;68,33;83,39;86,35;46,14;53,72;38,59
683;"S";"Flametrooper";648,81;654,01;636,39;648,18;195,19;102,22;26,83;78,93;70,75;82,3;93,7;54,11;56,48;22,85
684;"N";"Flametrooper";645,34;646,49;652,12;666,6;194,99;95,4;25,09;60,48;69,33;79,68;86,17;37,77;58,82;90,93
685;"N";"Flametrooper";654,38;662,95;641,62;655,46;194,86;94,64;24,92;71,31;69;83,57;85,06;58,53;48,63;24,38
686;"S";"Flametrooper";654,36;651,05;643,33;658,86;194,9;104,42;27,49;86,35;70,51;85,12;80,27;43,81;58,67;56,4
687;"S";"Flametrooper";651,19;651,47;640,02;649,86;195,01;110,35;29,02;85,27;71,67;84,04;91,1;49,9;60,78;14,52
688;"N";"Flametrooper";641,16;650,83;640,27;649,65;194,94;83,81;22,05;65,2;69,13;84,16;89,03;53,28;63,46;95,27
689;"N";"Flametrooper";649,26;645,17;638,55;650,93;195,03;96,18;25,29;64,37;69,42;84,26;85,2;53,65;61,21;96,38
690;"S";"Flametrooper";658,88;655,41;640,42;653,93;195,06;105,95;27,85;82,76;68,08;79,72;78,63;46,34;54,53;75,16
691;"N";"Flametrooper";648,6;641,68;633,87;650,73;194,87;101,94;26,84;68,33;67,68;80,84;81,49;46,9;54,83;95,73
692;"N";"Flametrooper";658,13;648,45;643,56;649,72;195,22;97,73;25,64;66,19;69,45;86,88;80,34;43,52;58,25;23,75
693;"S";"Flametrooper";644,91;643,68;635,67;654,47;195,02;89,94;23,65;80,87;68;84,21;84,33;54,42;53,39;41,21
694;"N";"Flametrooper";651,95;648,46;638,2;651,07;195,19;94,8;24,88;66,23;71,18;84,29;87,57;46,74;50,48;34,67
695;"N";"Flametrooper";649,96;644,32;644,97;642,65;195,04;92,43;24,3;58,69;68,76;81,94;85,22;55,12;52,65;71,8
696;"N";"Flametrooper";644,27;654,91;636,16;655,6;194,98;91;23,94;61,57;71,11;79,63;81,07;37,56;55,93;5,92
697;"N";"Flametrooper";635,97;655,13;643,47;648,56;195,05;109,28;28,72;67,32;67,78;79,95;93,27;50,56;56,52;64,69
698;"S";"Flametrooper";648,39;646,73;640,49;650,99;195,24;102,54;26,9;78,32;68,17;86,9;82,45;50,93;50,56;26,31
699;"N";"Flametrooper";649,27;651,47;642,86;645,59;195,09;102,22;26,86;59,91;70,33;82,32;92,67;31,19;47,35;44,37
700;"N";"Flametrooper";645,7;653,81;640,44;642,96;194,94;93,84;24,69;60,12;69,71;80,16;91,72;45,09;42,87;62,4
701;"N";"Recontrooper";649,85;653,23;653,6;634,27;195,03;96,82;25,45;68,06;70,41;83,66;89,01;36,19;55,32;65,31
702;"N";"Recontrooper";652,33;650,08;650,14;633,04;195,03;92,34;24,28;67,44;68,69;79,24;81,86;60,92;54,2;13,46
703;"S";"Recontrooper";651,06;652,35;638,6;635,86;194,99;101,84;26,79;79,82;67,16;83,96;93,71;49,06;48,71;27,99
704;"S";"Recontrooper";646,91;651,6;652,47;645,49;195,06;102,91;27,05;76,74;69,97;80,19;84,58;60,08;46,03;75,36
705;"S";"Recontrooper";651,64;643,03;653,55;650,64;194,85;108,19;28,5;88,69;68,31;79,63;89,53;53,34;57,61;43,56
706;"N";"Recontrooper";642,91;648,49;651,25;640,91;194,83;101,25;26,67;65,34;71;82,92;76,11;51,16;53,96;77,82
707;"S";"Recontrooper";648,98;651,81;649,35;641,82;194,79;78,36;20,65;87,25;67,9;79,16;77,41;45,71;43,04;95,01
708;"N";"Recontrooper";645,16;653,71;653,66;638,31;195,05;91,17;23,96;64,93;70,65;85,26;79,24;37,9;48,93;5,7
709;"N";"Recontrooper";655,72;643,64;655,47;646,22;195,19;83,27;21,86;73,56;71,39;85,93;93,82;46,78;62,74;95,5
710;"N";"Recontrooper";648,61;641,03;648,18;641,33;194,84;90,52;23,84;63,71;69,91;85,72;82,51;39,05;54,37;54,25
711;"N";"Recontrooper";653,17;650,45;653,03;644,95;195,02;91,54;24,07;67,3;67,74;86,46;93,47;44,69;50,3;68,06
712;"S";"Recontrooper";657,4;642,79;650,95;646,49;195,09;92,3;24,25;74,38;67,61;83,96;82,58;48,33;55,81;93,99
713;"S";"Recontrooper";651,59;654,33;644,72;647,22;195,1;88,05;23,13;71,66;67,06;82,22;80,66;54,52;66,44;73,59
714;"N";"Recontrooper";649,03;642,15;649,16;634,27;194,97;92,57;24,35;66,7;68,28;86,3;88,98;47,16;60,39;93,48
715;"N";"Recontrooper";646,42;640,97;642,11;649,97;194,94;98,03;25,8;68,04;71,97;82,87;79,01;47,09;54,1;26,63
716;"N";"Recontrooper";649;651,71;644,97;637,57;195,14;92,04;24,17;61,74;70,29;80,63;87,59;52,69;57,41;49,39
717;"N";"Recontrooper";646,43;650,99;656,95;640,77;195,05;101,65;26,72;62,56;69,33;85,84;85,72;58,35;48,03;68,05
718;"N";"Recontrooper";642,46;648,66;644,1;643,66;194,94;95,01;25;73,54;68,79;82,12;92,79;46,11;51,31;39,65
719;"S";"Recontrooper";649,09;653,12;652,89;639,14;195,06;95,31;25,05;86,38;69,84;80,8;89,64;40,3;58,93;55,75
720;"S";"Recontrooper";651,32;641,09;647,93;641,04;194,9;88,96;23,42;72,3;70,34;86,15;78,54;50,65;59,89;33,56
721;"S";"Recontrooper";656,16;644,72;646,88;643,08;194,88;93,23;24,55;86,62;67,34;83,66;86,98;47,02;55,76;16,11
722;"S";"Recontrooper";651,96;647,96;644,33;640,39;194,97;105,99;27,88;76,22;69,57;82,06;92,71;48,16;56,22;67,95
723;"N";"Recontrooper";646,75;648,17;653,18;640,03;195,02;89,85;23,62;65,05;68,67;80,95;91,15;52,28;52,4;66,9
724;"S";"Recontrooper";644,38;658,16;648,96;630,61;194,83;96,43;25,4;81,1;71,69;85,28;76,49;53,91;47,09;44,75
725;"N";"Recontrooper";648,97;652,52;655,72;640,64;194,99;96,61;25,41;64,14;67,84;79,71;87,68;52,35;58,42;64,35
726;"S";"Recontrooper";655,05;652,47;650,6;644,05;194,84;91,37;24,07;76,7;71,83;83,47;84,97;59,53;63,46;12,57
727;"S";"Recontrooper";651,18;644,53;650,72;645,86;194,85;101,7;26,79;72,11;71,55;83,69;78,22;39,25;45,69;48,14
728;"S";"Recontrooper";646,24;653,86;647,66;638,27;195,17;94,27;24,75;76,42;71,5;86,74;89,19;46,08;54,26;43,17
729;"S";"Recontrooper";642,69;655,94;650,17;638,86;194,9;108,51;28,57;78,3;71,43;79,01;87,25;31,19;53,47;50,87
730;"N";"Recontrooper";652,85;658,69;650,82;636,21;194,9;98,79;26,01;62,8;69,51;86,15;81;49,11;61,76;8,48
731;"S";"Recontrooper";650,8;649,49;642,87;642,07;194,89;85,25;22,44;83,77;68,4;83,02;84,07;46,97;54,13;80,71
732;"S";"Recontrooper";651,19;646,7;655,63;639,33;195;114,44;30,1;72,39;67,91;86,74;77,74;48,18;61,85;55,89
733;"N";"Recontrooper";648,17;647,73;650,99;636,81;194,91;93,57;24,63;62,66;68,46;80,04;75,66;39,92;58,53;84,36
734;"N";"Recontrooper";646,23;649,14;645,12;646,67;195,15;104,38;27,41;66,14;69,51;84,33;85,98;52,71;64,53;13,73
735;"N";"Recontrooper";656,93;646,52;648,06;638,63;195,08;91,84;24,13;65,82;71,15;85,27;92,19;46,42;51,43;87,6
736;"N";"Recontrooper";651,98;655,59;652,37;645,01;195,24;96,57;25,33;66,91;68,34;84,03;80,26;54,32;56,54;85,01
737;"N";"Recontrooper";642,71;650,07;648,73;640,43;194,97;90,36;23,77;70,21;68,61;85,5;89,46;48,5;53,67;64,69
738;"S";"Recontrooper";650,94;649,76;641,22;641,78;195,03;91,69;24,11;79,72;69,96;79,66;75,53;36,05;47,14;70,03
739;"N";"Recontrooper";640,03;656,87;652,59;641,08;195,07;102,18;26,85;68,17;70,43;82,85;86,05;54,01;48,11;83,59
740;"S";"Recontrooper";651,81;652,49;653,65;639,41;195,12;89,11;23,41;87,22;67,56;84,56;88,7;45,35;52,81;47,9
741;"S";"Recontrooper";642,68;656,62;647,08;636,17;194,94;93,13;24,51;75,92;69,57;84,37;88,31;48,31;56,69;82,84
742;"N";"Recontrooper";654,76;654,1;649,8;634,42;195,16;96,02;25,21;70,79;71,02;81,32;93,19;46,17;45,21;94,93
743;"S";"Recontrooper";649,73;647,57;656,36;641,93;194,93;97,24;25,59;81,93;69,91;86,85;81,88;54,96;50,51;61,44
744;"S";"Recontrooper";654,27;659,54;649;643,66;194,79;110,43;29,1;78,44;71,6;82,13;85,38;40,73;68,9;62,4
745;"S";"Recontrooper";650,2;649,44;648,64;634,88;194,89;85,5;22,51;70,95;67,26;86,18;93,05;44,94;53,43;39,48
746;"S";"Recontrooper";653,44;657,11;645,27;643,14;194,9;115,1;30,3;72,85;70,61;85,56;75,49;53,82;68,49;84,68
747;"S";"Recontrooper";657,3;656,78;639,12;639,72;194,79;94,03;24,78;78,19;71,87;81,19;77,69;53,54;59,97;20,8
748;"S";"Recontrooper";649,36;656,3;650,93;646,97;194,94;98,76;25,99;78,02;70,92;85,03;80,74;63,06;63,94;78,39
749;"S";"Recontrooper";646,64;647,53;650,76;640,73;195,03;107,26;28,2;79,5;69,36;80,91;92,99;45,06;48,28;68,53
750;"N";"Recontrooper";640,67;657,66;654,16;633,85;194,97;100,05;26,32;58,24;70,4;84,72;83,12;56,71;58,35;88,36
751;"N";"Recontrooper";656,23;642,51;643,85;631,69;194,94;89,7;23,6;62,13;71,31;83,39;75,37;56,58;66,6;97,77
752;"N";"Recontrooper";654,75;653,99;657,52;643,23;195,24;88,88;23,32;61,42;71,37;79,86;91,03;54,64;49;60,39
753;"N";"Recontrooper";655,68;651,26;655,91;641,94;194,77;89,28;23,53;72,43;69,8;83,45;87,44;51,67;50,88;51,04
754;"S";"Recontrooper";649,05;649,3;653,17;641,9;194,7;105,34;27,79;82,86;70,37;84,8;77,92;53,76;48,29;81,79
755;"S";"Recontrooper";648,27;649,41;648,46;644,07;195,04;105,9;27,84;83,38;68,15;80,4;88,87;48,93;50,48;95,08
756;"S";"Recontrooper";650,6;660,7;652,94;632,05;194,84;102,37;26,97;70,53;67,84;85,91;76,06;58,03;50,84;31,89
757;"N";"Recontrooper";655,07;651,66;651,01;640,18;195,16;104,17;27,35;62,01;67,74;81,61;85,12;47,57;59,71;81,2
758;"S";"Recontrooper";649,05;652,74;656,26;643,74;195,12;84,61;22,22;78,74;67,53;80,9;91,64;59,95;58,18;10,88
759;"S";"Recontrooper";655,37;660,42;650,69;648,63;194,93;101,98;26,84;78,59;68,07;80,57;92,17;62,52;53,87;48,35
760;"N";"Recontrooper";655,14;652,76;651,26;637,89;194,96;94,26;24,8;59,06;68,19;86,34;85,74;64,55;52,44;49,45
761;"N";"Recontrooper";659,42;646,3;653,35;637,14;194,88;100,35;26,42;60,99;71,68;86,45;85,63;45,63;61,55;33,94
762;"S";"Recontrooper";647,49;646,67;650,72;649,45;194,83;93,54;24,64;79,72;68,71;85,77;77,07;62,56;50,28;67,81
763;"S";"Recontrooper";644,9;650,56;653,63;640,36;194,96;96,41;25,36;84,08;70,24;79,91;77,86;54,74;57,12;95,13
764;"N";"Recontrooper";655;642,82;645,01;645,76;194,91;101,19;26,64;73,55;69,82;80,32;82,02;52,85;64,49;55,55
765;"S";"Recontrooper";658,7;645,66;653,7;637,34;195,17;108,34;28,44;75,97;71,89;79,49;78,57;38,21;46,28;45,94
766;"S";"Recontrooper";650,78;649,65;658,5;644,23;195,09;83,06;21,82;88,81;68,52;80,57;92,36;48,59;52,97;87,19
767;"S";"Recontrooper";654,16;646,84;649,69;640,03;195,02;87,56;23,02;80,12;67,12;80,75;76,66;46,26;65,51;21,23
768;"S";"Recontrooper";641;649,22;646,58;636,25;195,21;96,51;25,33;73,51;70,91;84,02;77,48;62,29;53,73;63,82
769;"N";"Recontrooper";652,44;648,53;651,16;634,84;195,21;97,85;25,68;73,2;71,67;81,05;90,28;48,46;51,22;74,08
770;"N";"Recontrooper";647,67;655,58;650,54;635,4;194,76;91,85;24,21;67,27;67,03;80,96;91,76;44,29;56,36;62,97
771;"S";"Recontrooper";647,72;648,15;648,39;638,44;195,02;100,53;26,43;81,97;71,59;85,74;93,15;53,74;52,44;55,75
772;"S";"Recontrooper";649,95;649,07;656,22;638,34;194,85;104,98;27,65;81,04;70,84;81,28;75,53;50,94;53,06;6,49
773;"S";"Recontrooper";647,43;647,39;645,85;641,35;195,07;100,62;26,44;73,51;70,73;81,34;81,43;53,18;60,83;97,3
774;"S";"Recontrooper";653,14;644,05;659,53;633,78;195;100,19;26,35;67,74;67,5;85,54;78,12;31,61;42;52,77
775;"N";"Recontrooper";653,33;652,58;650,03;648,09;195,24;107,88;28,3;69,66;67,6;80,82;88,75;40,26;55,64;53,77
776;"S";"Recontrooper";646,38;657,41;650,29;643,53;195;92,8;24,4;76,21;67,63;79;89,23;61,53;51,33;66,79
777;"N";"Recontrooper";651,74;650;649,46;642,15;194,99;105,21;27,67;59,54;67,27;84,29;76,25;43,68;62,14;19,56
778;"N";"Recontrooper";645,49;652,28;655,66;647,17;195,12;94,08;24,71;67,42;67,35;83,35;80,88;50,04;66,49;95,4
779;"N";"Recontrooper";640,57;647,18;651,42;650,48;195,05;89,42;23,5;58,97;69,53;79,88;76,61;39,32;50,77;72,24
780;"N";"Recontrooper";656,03;645,08;648,71;632,72;195,16;103,77;27,25;58,18;71,64;84,35;75;44,69;53,32;27,32
781;"S";"Recontrooper";640,95;655,62;648,62;637,02;195,1;98,17;25,79;81,95;70,27;85,98;76,95;62,16;50,84;35,43
782;"S";"Recontrooper";647,52;647,23;651,97;640,28;194,9;97,03;25,54;85,24;68,33;83,39;86,35;46,14;53,72;38,59
783;"S";"Recontrooper";653,6;650,21;645,74;632,05;195,19;102,22;26,83;78,93;70,75;82,3;93,7;54,11;56,48;22,85
784;"N";"Recontrooper";642,26;652,12;640,18;634,57;194,99;95,4;25,09;60,48;69,33;79,68;86,17;37,77;58,82;90,93
785;"N";"Recontrooper";639,11;648,28;655,09;638,4;194,86;94,64;24,92;71,31;69;83,57;85,06;58,53;48,63;24,38
786;"S";"Recontrooper";649,08;663,02;644,19;640,69;194,9;104,42;27,49;86,35;70,51;85,12;80,27;43,81;58,67;56,4
787;"S";"Recontrooper";654,33;645,18;650,08;635,35;195,01;110,35;29,02;85,27;71,67;84,04;91,1;49,9;60,78;14,52
788;"N";"Recontrooper";647,4;645,15;659,38;648,64;194,94;83,81;22,05;65,2;69,13;84,16;89,03;53,28;63,46;95,27
789;"N";"Recontrooper";654,1;652,9;653,13;643;195,03;96,18;25,29;64,37;69,42;84,26;85,2;53,65;61,21;96,38
790;"S";"Recontrooper";654,03;644,49;651,82;645,59;195,06;105,95;27,85;82,76;68,08;79,72;78,63;46,34;54,53;75,16
791;"N";"Recontrooper";646,56;654,37;651,25;647,09;194,87;101,94;26,84;68,33;67,68;80,84;81,49;46,9;54,83;95,73
792;"N";"Recontrooper";646,68;656;649,29;642,12;195,22;97,73;25,64;66,19;69,45;86,88;80,34;43,52;58,25;23,75
793;"S";"Recontrooper";646,31;659,93;652,69;638,6;195,02;89,94;23,65;80,87;68;84,21;84,33;54,42;53,39;41,21
794;"N";"Recontrooper";652,62;646,82;647,1;635,9;195,19;94,8;24,88;66,23;71,18;84,29;87,57;46,74;50,48;34,67
795;"N";"Recontrooper";645,25;650,66;639,62;642,63;195,04;92,43;24,3;58,69;68,76;81,94;85,22;55,12;52,65;71,8
796;"N";"Recontrooper";652,77;648,85;651,9;635,48;194,98;91;23,94;61,57;71,11;79,63;81,07;37,56;55,93;5,92
797;"N";"Recontrooper";649,87;651,44;654,64;650,38;195,05;109,28;28,72;67,32;67,78;79,95;93,27;50,56;56,52;64,69
798;"S";"Recontrooper";647,71;649,24;648,92;638,02;195,24;102,54;26,9;78,32;68,17;86,9;82,45;50,93;50,56;26,31
799;"N";"Recontrooper";644,47;648,11;647,85;640,86;195,09;102,22;26,86;59,91;70,33;82,32;92,67;31,19;47,35;44,37
800;"N";"Recontrooper";645,74;655,77;656,14;639,26;194,94;93,84;24,69;60,12;69,71;80,16;91,72;45,09;42,87;62,4
